Depth,S1,S2,S1 + S2,S3,S2/S3,TOC,HI,OI,PP,PI,Tmax,S1/TOC,Ro,classes
1673,0.2,13.06,13.26,0.67,19.49850746,3.46,377.79,19.38,0.02,13.26,422,0.058,0.44,Excellent/Very Good
1680,0.21,14.99,15.2,0.63,23.79365079,3.38,443.75,18.65,0.01,15.2,419,0.062,0.38,Excellent/Very Good
1690,0.2,13.39,13.59,0.7,19.12285714,3.16,423.88,22.17,0.01,13.59,420,0.063,0.4,Excellent/Very Good
1700,0.19,14.36,14.55,0.65,22.09415385,3.91,367.58,16.64,0.01,14.55,422,0.049,0.44,Excellent/Very Good
1710,0.14,15.73,15.87,0.85,18.50588235,4.07,386.96,20.91,0.01,15.87,421,0.034,0.42,Excellent
1720,0.21,13.21,13.42,0.69,19.14666667,3.83,345.03,18.02,0.02,13.42,422,0.055,0.44,Excellent/Very Good
1730,0.22,15.25,15.47,0.73,20.89534247,3.87,394.66,18.89,0.01,15.47,421,0.057,0.42,Excellent/Very Good
1740,0.24,17.88,18.12,0.7,25.54285714,4.08,438.67,17.17,0.01,18.12,421,0.059,0.42,Excellent
1750,0.22,13.97,14.19,0.57,24.50105263,3.76,371.23,15.15,0.02,14.19,422,0.059,0.44,Excellent/Very Good
1760,0.16,9.95,10.11,0.57,17.4477193,2.6,382.65,21.93,0.02,10.11,423,0.062,0.45,Excellent/Very Good
1770,0.18,16.45,16.63,0.71,23.16901408,3.8,432.44,18.66,0.01,16.63,420,0.047,0.4,Excellent/Very Good
1780,0.17,8.04,8.21,0.54,14.89037037,2.63,306.2,20.56,0.02,8.21,425,0.065,0.49,Very Good/Poor
1790,0.23,16.64,16.87,0.64,26.004375,3.94,422.73,16.26,0.01,16.87,417,0.058,0.35,Excellent/Very Good
1800,0.31,21.73,22.04,0.7,31.04342857,4.11,528.85,17.04,0.01,22.04,417,0.075,0.35,Excellent
1804,0.64,5.24,5.88,3.35,1.564179104,1.03,506.77,323.98,0.11,5.88,437,0.621,0.71,Good/Good
1806,0.4,33.64,34.04,0.71,47.38647887,6.27,536.34,11.32,0.01,34.04,418,0.064,0.36,Excellent
1809,0.32,26.62,26.94,0.71,37.49971831,4.94,539.18,14.38,0.01,26.94,420,0.065,0.4,Excellent
1812,0.25,17.74,17.99,0.58,30.58206897,3.67,483.05,15.8,0.01,17.99,421,0.068,0.42,Excellent/Very Good
1815,0.28,17.85,18.13,0.53,33.6754717,3.88,459.76,13.65,0.02,18.13,421,0.072,0.42,Excellent/Very Good
1818,0.3,21.33,21.63,0.58,36.76827586,4.3,495.48,13.48,0.01,21.63,421,0.07,0.42,Excellent
1821,0.26,15.69,15.95,0.51,30.75686275,3.48,451.27,14.67,0.02,15.95,422,0.075,0.44,Excellent/Very Good
1824,0.19,15.93,16.12,0.51,31.23529412,3.42,466.33,14.93,0.01,16.12,419,0.056,0.38,Excellent/Very Good
1827,0.2,10.65,10.85,0.5,21.3072,2.74,388.25,18.22,0.02,10.85,422,0.073,0.44,Excellent/Very Good
1830,0.22,10.3,10.52,0.48,21.46666667,2.67,386.06,17.98,0.02,10.52,422,0.082,0.44,Excellent/Very Good
1833,0.15,11.55,11.7,0.7,16.5,2.77,416.37,25.23,0.01,11.7,422,0.054,0.44,Excellent/Very Good
1836,0.19,10.39,10.58,0.53,19.59773585,2.49,416.81,21.27,0.02,10.58,422,0.076,0.44,Excellent/Very Good
1839,0.2,11.35,11.55,0.54,21.0237037,2.81,403.87,19.21,0.02,11.55,421,0.071,0.42,Excellent/Very Good
1842,0.22,15.66,15.88,0.54,28.99703704,3.36,465.47,16.05,0.01,15.88,420,0.065,0.4,Excellent/Very Good
1845,0.23,19.52,19.75,0.6,32.53733333,4.04,483.23,14.85,0.01,19.75,417,0.057,0.35,Excellent
1848,0.32,20.14,20.46,0.68,29.61588235,4.03,500.22,16.89,0.02,20.46,417,0.079,0.35,Excellent
1851,0.26,19.89,20.15,0.63,31.57206349,4.29,463.32,14.68,0.01,20.15,416,0.061,0.33,Excellent
1854,0.28,21.03,21.31,0.57,36.89684211,4.12,510.71,13.84,0.01,21.31,416,0.068,0.33,Excellent
1857,0.28,21.44,21.72,0.58,36.95862069,4.27,502.25,13.59,0.01,21.72,415,0.066,0.31,Excellent
1860,0.19,26.97,27.16,0.68,39.66176471,4.78,564.46,14.23,0.01,27.16,414,0.04,0.29,Excellent
1863,0.3,22.45,22.75,0.55,40.81454545,4.14,542.22,13.29,0.01,22.75,415,0.072,0.31,Excellent
1866,0.13,5.07,5.2,0.52,9.748461538,1.93,263.34,27.01,0.03,5.2,417,0.067,0.35,Good/Good
1869,0.14,5.5,5.64,0.53,10.38037736,1.94,284.32,27.39,0.02,5.64,417,0.072,0.35,Good/Good
1872,0.12,4.27,4.39,0.61,6.998032787,1.43,298.94,42.72,0.03,4.39,420,0.084,0.4,Good/Good
1875,0.12,3.93,4.05,0.54,7.274814815,1.41,279.4,38.41,0.03,4.05,419,0.085,0.38,Good/Good
1878,0.13,4.41,4.54,0.48,9.180833333,1.44,307.09,33.45,0.03,4.54,419,0.09,0.38,Good/Good
1881,0.15,12.34,12.49,0.7,17.62857143,2.32,530.98,30.12,0.01,12.49,418,0.065,0.36,Excellent/Very Good
1884,0.14,7.46,7.6,0.51,14.62980392,1.64,453.84,31.02,0.02,7.6,419,0.085,0.38,Very Good/Poor
1887,0.18,6.43,6.61,0.5,12.8616,1.63,393.56,30.6,0.03,6.61,417,0.11,0.35,Very Good/Poor
1890,0.2,6.94,7.14,0.58,11.96,1.79,388.18,32.46,0.03,7.14,418,0.112,0.36,Very Good/Poor
1893,0.15,9.14,9.29,0.45,20.31111111,1.76,518.14,25.51,0.02,9.29,417,0.085,0.35,Very Good/Poor
1896,0.17,14.11,14.28,0.61,23.13114754,2.55,553.55,23.93,0.01,14.28,416,0.067,0.33,Excellent/Very Good
1899,0.23,13.33,13.56,0.48,27.77083333,2.82,473.37,17.05,0.02,13.56,417,0.082,0.35,Excellent/Very Good
1902,0.19,10.48,10.67,0.45,23.29666667,1.9,550.6,23.63,0.02,10.67,417,0.1,0.35,Excellent/Good
1905,0.19,10.44,10.63,0.52,20.07692308,1.83,571.43,28.46,0.02,10.63,415,0.104,0.31,Excellent/Good
1908,0.18,8.87,9.05,0.45,19.72,1.87,474.04,24.04,0.02,9.05,415,0.096,0.31,Very Good/Poor
1911,0.18,8.47,8.65,0.43,19.68627674,1.8,470.81,23.92,0.02,8.65,416,0.1,0.33,Very Good/Poor
1914,0.14,6.39,6.53,0.42,15.225,1.74,367.5,24.14,0.02,6.53,420,0.08,0.4,Very Good/Poor
1917,0.19,6.64,6.83,0.46,14.43065217,1.89,351.41,24.35,0.03,6.83,417,0.101,0.35,Very Good/Poor
1920,0.16,9.45,9.61,0.44,21.47317955,1.78,530.2,24.69,0.02,9.61,416,0.09,0.33,Very Good/Poor
1923,0.12,7.47,7.59,0.42,17.78571429,1.97,379.38,21.33,0.02,7.59,420,0.061,0.4,Very Good/Poor
1926,0.19,16.3,16.49,0.54,30.17611111,2.94,554.63,18.38,0.01,16.49,416,0.065,0.33,Excellent/Very Good
1929,0.18,11.79,11.97,0.54,21.83055556,2.19,538.78,24.68,0.02,11.97,418,0.082,0.36,Excellent/Very Good
1932,0.15,7.9,8.05,0.8,9.8745,1.45,543.3,55.02,0.02,8.05,421,0.103,0.42,Very Good/Poor
1935,0.22,19.13,19.35,0.54,35.42833333,3.11,614.36,17.34,0.01,19.35,417,0.071,0.35,Excellent/Very Good
1938,0.16,11.25,11.41,0.54,20.83166667,1.87,601.56,28.88,0.01,11.41,417,0.086,0.35,Excellent/Good
1941,0.13,7.86,7.99,0.57,13.78947368,1.61,487.29,35.34,0.02,7.99,418,0.081,0.36,Very Good/Poor
1944,0.18,12.42,12.6,0.59,21.05694915,2.27,547.54,26,0.01,12.6,418,0.079,0.36,Excellent/Very Good
1947,0.14,9.84,9.98,0.55,17.89036545,1.86,528.73,29.55,0.01,9.98,418,0.075,0.36,Very Good/Poor
1950,0.15,8.53,8.68,0.65,13.11692308,1.58,539.96,41.17,0.02,8.68,421,0.095,0.42,Very Good/Poor
1953,0.15,9.73,9.88,0.42,23.15857381,1.89,513.55,22.18,0.02,9.88,418,0.079,0.36,Very Good/Poor
1956,0.18,10.1,10.28,0.5,20.2014,1.81,557.74,27.61,0.02,10.28,420,0.099,0.4,Excellent/Good
1959,0.14,7.25,7.39,0.84,8.6275,1.81,399.51,46.31,0.02,7.39,421,0.077,0.42,Very Good/Poor
1962,0.21,13.89,14.1,0.48,28.9275,2.2,632.01,21.85,0.01,14.1,413,0.095,0.27,Excellent/Very Good
1965,0.19,12.64,12.83,0.49,25.79816327,2.07,610.39,23.66,0.01,12.83,415,0.092,0.31,Excellent/Very Good
1968,0.14,6.02,6.16,0.77,7.818701299,1.45,414.34,52.99,0.02,6.16,422,0.097,0.44,Very Good/Poor
1971,0.15,6.67,6.82,0.69,9.670869565,1.77,376.79,38.96,0.02,6.82,417,0.085,0.35,Very Good/Poor
1974,0.12,5.6,5.72,0.53,10.56603774,1.65,338.98,32.08,0.02,5.72,420,0.073,0.4,Good/Good
1977,0.11,4.71,4.82,0.38,12.39473684,1.29,366.25,29.55,0.02,4.82,416,0.085,0.33,Good/Good
1980,0.15,5.94,6.09,0.44,13.50477273,1.58,376.56,27.88,0.02,6.09,417,0.095,0.35,Very Good/Poor
1983,0.17,9.22,9.39,0.62,14.87419355,2.21,418.04,28.11,0.02,9.39,417,0.077,0.35,Very Good/Poor
1986,0.16,6.79,6.95,0.75,9.053333333,1.74,389.78,43.05,0.02,6.95,423,0.092,0.45,Very Good/Poor
1989,0.12,5.66,5.78,0.37,15.28378378,1.63,346.3,22.66,0.02,5.78,416,0.074,0.33,Good/Good
1992,0.15,6.79,6.94,0.45,15.09933333,1.51,449.98,29.8,0.02,6.94,418,0.099,0.36,Very Good/Poor
1995,0.17,8.45,8.62,0.45,18.77266889,1.67,504.64,26.88,0.02,8.62,416,0.102,0.33,Very Good/Poor
1998,0.14,4.74,4.88,0.45,10.53666667,1.2,393.81,37.38,0.03,4.88,421,0.117,0.42,Good/Good
2001,0.17,7.46,7.63,0.36,20.71083333,1.56,477.94,23.08,0.02,7.63,414,0.109,0.29,Very Good/Poor
2007,0.13,5.58,5.71,0.45,12.4,1.64,340.66,27.47,0.02,5.71,421,0.079,0.42,Good/Good
2010,0.15,5.05,5.2,0.35,14.442,1.25,403.09,27.91,0.03,5.2,421,0.12,0.42,Good/Good
2013,0.14,5.17,5.31,0.42,12.30952381,1.65,312.58,25.39,0.03,5.31,421,0.085,0.42,Good/Good
2016,0.14,4.05,4.19,0.46,8.794565217,1.47,275.02,31.27,0.03,4.19,424,0.095,0.47,Good/Good
2019,0.11,3.18,3.29,0.4,7.9605,1.17,272.15,34.19,0.03,3.29,422,0.094,0.44,Fair/Good
2022,0.12,3.37,3.49,0.41,8.21195122,1.2,279.88,34.08,0.03,3.49,423,0.1,0.45,Fair/Good
2025,0.12,3.09,3.21,0.45,6.863333333,1.5,205.63,29.96,0.04,3.21,425,0.08,0.49,Fair/Good
2028,0.12,2.58,2.7,0.42,6.131428571,1.02,252.72,41.22,0.04,2.7,424,0.118,0.47,Fair/Good
2031,0.13,5.91,6.04,0.46,12.84782609,1.58,373.58,29.08,0.02,6.04,426,0.082,0.51,Very Good/Poor
2034,0.13,5.43,5.56,0.44,12.34090909,1.6,340.44,27.59,0.02,5.56,423,0.081,0.45,Good/Good
2037,0.13,5.31,5.44,0.59,9,1.84,289.37,32.15,0.02,5.44,425,0.071,0.49,Good/Good
2040,0.11,4,4.11,0.5,8,1.42,280.9,35.11,0.03,4.11,424,0.077,0.47,Good/Good
2043,0.13,3.76,3.89,0.41,9.170731707,1.38,273.06,29.77,0.03,3.89,423,0.094,0.45,Fair/Good
2046,0.1,3.1,3.2,0.46,6.739130435,1.13,274.58,40.74,0.03,3.2,423,0.088,0.45,Fair/Good
2049,0.1,2.92,3.02,0.42,6.952380952,1.11,263.54,37.91,0.03,3.02,422,0.09,0.44,Fair/Good
2052,0.11,3.27,3.38,0.41,7.975609756,1.04,315.94,39.61,0.03,3.38,424,0.106,0.47,Fair/Good
2055,0.11,3.64,3.75,0.36,10.11111111,1.19,306.4,30.3,0.03,3.75,424,0.092,0.47,Fair/Good
2061,0.11,3.44,3.55,0.38,9.052631579,1,343.31,37.92,0.03,3.55,423,0.11,0.45,Fair/Good
2064,0.12,3.3,3.42,0.53,6.226415094,1.09,303.87,48.8,0.04,3.42,423,0.11,0.45,Fair/Good
2091,0.11,5.46,5.57,0.38,14.36842105,1.23,443.9,30.89,0.02,5.57,416,0.089,0.33,Good/Good
2094,0.09,4.47,4.56,0.38,11.76315789,1.03,435.67,37.04,0.02,4.56,420,0.087,0.4,Good/Good
2097,0.15,12.31,12.46,0.35,35.17142857,1.69,729.7,20.75,0.01,12.46,420,0.089,0.4,Excellent/Good
2100,0.14,13.06,13.2,0.36,36.27777778,2.12,617.2,17.01,0.01,13.2,417,0.066,0.35,Excellent/Very Good
2103,0.12,16.58,16.7,0.37,44.81081081,2.47,672.07,15,0.01,16.7,418,0.049,0.36,Excellent/Very Good
2106,0.14,18.31,18.45,0.44,41.61363636,2.7,677.9,16.29,0.01,18.45,417,0.052,0.35,Excellent/Very Good
2109,0.12,9.65,9.77,0.39,24.74358974,1.64,589.85,23.84,0.01,9.77,418,0.073,0.36,Very Good/Poor
2112,0.2,8.3,8.5,0.44,18.86363636,2.19,379.52,20.12,0.02,8.5,421,0.091,0.42,Very Good/Poor
2115,0.11,8.9,9.01,0.39,22.82051282,1.71,521.69,22.86,0.01,9.01,418,0.064,0.36,Very Good/Poor
2118,0.13,11.48,11.61,0.39,29.43589744,1.92,598.85,20.34,0.01,11.61,417,0.068,0.35,Excellent/Good
2121,0.23,8.98,9.21,0.39,23.02564103,1.5,599.47,26.03,0.02,9.21,419,0.153,0.38,Very Good/Poor
2127,0.2,8.5,8.7,0.37,22.97297297,1.58,537.63,23.4,0.02,8.7,420,0.127,0.4,Very Good/Poor
2133,0.14,5.38,5.52,0.33,16.3030303,1.26,425.63,26.11,0.03,5.52,417,0.111,0.35,Good/Good
2148,0.18,6.43,6.61,0.32,20.09375,1.36,472.1,23.49,0.03,6.61,418,0.132,0.36,Very Good/Poor
2151,0.18,6.04,6.22,0.36,16.77777778,1.35,448.4,26.73,0.03,6.22,418,0.133,0.36,Very Good/Poor
2154,0.15,5.94,6.09,0.35,16.97142857,1.22,486.09,28.64,0.02,6.09,418,0.123,0.36,Very Good/Poor
2157,0.21,4.15,4.36,0.38,10.92105263,0.88,473.74,43.38,0.05,4.36,419,0.239,0.38,Good/Fair
2160,0.19,3.29,3.48,0.4,8.225,0.69,477.5,58.06,0.05,3.48,418,0.275,0.36,Fair
2163,0.1,1.85,1.95,1.78,1.039325843,0.72,258.02,248.26,0.05,1.95,425,0.139,0.49,Poor/Fair
2274,0.1,1.44,1.54,0.34,4.235294118,0.38,375.98,88.77,0.06,1.54,416,0.263,0.33,Poor
2454,0.11,1.29,1.4,0.38,3.394736842,0.58,222.8,65.63,0.08,1.4,423,0.19,0.45,Poor/Fair
2457,0.1,1.48,1.58,0.36,4.111111111,0.6,246.67,60,0.06,1.58,423,0.167,0.45,Poor/Fair
2463,0.1,1.53,1.63,0.37,4.135135135,0.52,292.54,70.75,0.06,1.63,424,0.192,0.47,Poor/Fair
2466,0.11,1.77,1.88,0.3,5.9,0.71,248.95,42.19,0.06,1.88,424,0.155,0.47,Poor/Fair
2469,0.12,1.82,1.94,0.37,4.918918919,0.62,293.08,59.58,0.06,1.94,426,0.194,0.51,Poor/Fair
2472,0.12,1.82,1.94,0.37,4.918918919,0.73,249.66,50.75,0.06,1.94,423,0.164,0.45,Poor/Fair
2475,0.13,1.94,2.07,0.28,6.928571429,0.68,285.71,41.24,0.06,2.07,424,0.191,0.47,Fair
2478,0.4,2.63,3.03,0.43,6.11627907,0.67,390.21,63.8,0.13,3.03,422,0.597,0.44,Fair
2544,0.23,1.77,2,0.81,2.185185185,0.66,267.37,122.36,0.12,2,424,0.348,0.47,Fair
2541,0.23,1.77,2,0.81,2.185185185,0.65,274.42,125.58,0.12,2,424,0.354,0.47,Fair
2568,0.11,0.98,1.09,0.45,2.177777778,0.52,189.92,87.21,0.1,1.09,427,0.212,0.53,Poor/Fair
2586,0.11,1.09,1.2,0.43,2.534883721,0.53,207.62,81.9,0.09,1.2,424,0.208,0.47,Poor/Fair
2679,0.12,1.27,1.39,0.34,3.735294118,0.53,238.72,63.91,0.09,1.39,429,0.226,0.56,Poor/Fair
2685,0.12,1.42,1.54,0.44,3.227272727,0.6,235.1,72.85,0.08,1.54,428,0.2,0.54,Poor/Fair
2688,0.12,1.39,1.51,0.49,2.836734694,0.58,238.42,84.05,0.08,1.51,429,0.207,0.56,Poor/Fair
2685,0.12,1.41,1.53,0.47,3.021505376,0.59,236.73,78.35,0.08,1.53,428.5,0.203,0.55,Poor/Fair
2694,0.1,1.19,1.29,0.45,2.644444444,0.5,237.52,89.82,0.08,1.29,427,0.2,0.53,Poor/Fair
2700,0.09,1.07,1.16,0.45,2.377777778,0.59,181.97,76.53,0.08,1.16,428,0.153,0.54,Poor/Fair
2706,0.09,1.34,1.43,0.4,3.35,0.58,232.64,69.44,0.06,1.43,428,0.155,0.54,Poor/Fair
2709,0.09,1.31,1.4,0.45,2.911111111,0.57,230.23,79.09,0.06,1.4,429,0.158,0.56,Poor/Fair
2712,0.1,1.62,1.72,0.44,3.681818182,0.68,238.24,64.71,0.06,1.72,429,0.147,0.56,Poor/Fair
2715,0.11,1.77,1.88,0.67,2.641791045,0.81,217.71,82.41,0.06,1.88,430,0.136,0.58,Poor/Fair
2718,0.1,2.37,2.47,0.23,10.30434783,1.1,216.04,20.97,0.04,2.47,430,0.091,0.58,Fair/Good
2721,0.11,2.38,2.49,0.59,4.033898305,0.98,242.61,60.14,0.04,2.49,428,0.112,0.54,Fair
2718,0.11,2.38,2.48,0.41,5.792682927,1.04,228.59,39.46,0.04,2.48,429,0.106,0.56,Fair/Good
2724,0.15,2.43,2.58,0.63,3.857142857,0.93,261.85,67.89,0.06,2.58,428,0.161,0.54,Fair
2730,0.12,1.59,1.71,0.62,2.564516129,0.65,245.75,95.83,0.07,1.71,428,0.185,0.54,Poor/Fair
2733,0.12,1.63,1.75,0.52,3.134615385,0.66,246.22,78.55,0.07,1.75,429,0.182,0.56,Poor/Fair
2736,0.14,2.52,2.66,0.49,5.142857143,0.92,274.21,53.32,0.05,2.66,426,0.152,0.51,Fair
2739,0.1,1.37,1.47,0.48,2.854166667,0.5,272.37,95.43,0.07,1.47,428,0.2,0.54,Poor/Fair
2742,0.1,1.27,1.37,0.56,2.267857143,0.51,248.53,109.59,0.07,1.37,428,0.196,0.54,Poor/Fair
2754,0.14,2.04,2.18,0.52,3.923076923,0.7,292.26,74.5,0.06,2.18,427,0.2,0.53,Fair
2811,0.09,1.96,2.05,0.34,5.764705882,0.71,277.62,48.16,0.04,2.05,430,0.127,0.58,Fair
2814,0.08,1.02,1.1,0.4,2.55,0.52,194.66,76.34,0.07,1.1,433,0.154,0.63,Poor/Fair
2811,0.09,1.49,1.58,0.37,4.027027027,0.62,242.28,60.16,0.06,1.58,431.5,0.145,0.61,Poor/Fair
2871,0.11,1.4,1.51,0.47,2.978723404,0.76,184.21,61.84,0.07,1.51,433,0.145,0.63,Poor/Fair
2880,0.08,1.23,1.31,0.41,3,0.61,202.64,67.55,0.06,1.31,431,0.131,0.6,Poor/Fair
2883,0.1,2.1,2.2,0.53,3.962264151,0.94,223.64,56.44,0.05,2.2,432,0.106,0.62,Fair
2886,0.07,1.11,1.18,1.18,0.940677966,0.79,139.97,148.8,0.06,1.18,434,0.089,0.65,Poor/Fair
2883,0.09,1.61,1.69,0.86,1.877192982,0.87,185.33,98.73,0.05,1.69,433,0.103,0.63,Poor/Fair
2892,0.08,1.26,1.34,0.37,3.405405405,0.65,193.55,56.84,0.06,1.34,432,0.123,0.62,Poor/Fair
2895,0.09,1.69,1.78,0.36,4.694444444,0.88,192.48,41,0.05,1.78,432,0.102,0.62,Poor/Fair
2931,0.09,1.21,1.3,0.33,3.666666667,0.54,223.66,61,0.07,1.3,429,0.167,0.56,Poor/Fair
2934,0.09,1.7,1.79,0.29,5.862068966,0.68,248.9,42.46,0.05,1.79,431,0.132,0.6,Poor/Fair
2943,0.08,1.16,1.24,0.36,3.222222222,0.51,228.8,71.01,0.06,1.24,431,0.157,0.6,Poor/Fair
2955,0.1,1.6,1.7,0.35,4.571428571,0.63,255.18,55.82,0.06,1.7,429,0.159,0.56,Poor/Fair
2958,0.1,1.83,1.93,0.4,4.575,0.68,270.71,59.17,0.05,1.93,431,0.147,0.6,Poor/Fair
2961,0.1,1.81,1.91,0.31,5.838709677,0.72,253.15,43.36,0.05,1.91,432,0.139,0.62,Poor/Fair
2964,0.09,1.68,1.77,0.33,5.090909091,0.68,248.89,48.89,0.05,1.77,431,0.132,0.6,Poor/Fair
2985,0.09,1.45,1.54,0.89,1.629213483,0.86,169.39,103.97,0.06,1.54,433,0.105,0.63,Poor/Fair
2991,0.08,1.21,1.29,0.44,2.75,0.63,192.37,69.95,0.06,1.29,433,0.127,0.63,Poor/Fair
2985,0.09,1.33,1.42,0.67,2,0.74,179.12,89.56,0.06,1.42,433,0.122,0.63,Poor/Fair
3000,0.08,1.33,1.41,0.34,3.911764706,0.56,238.35,60.93,0.06,1.41,431,0.143,0.6,Poor/Fair
3003,0.08,2.08,2.16,0.31,6.709677419,0.89,234.5,34.95,0.04,2.16,431,0.09,0.6,Fair
3006,0.08,1.49,1.57,0.36,4.138888889,0.65,230.65,55.73,0.05,1.57,431,0.123,0.6,Poor/Fair
3009,0.07,1.45,1.52,0.38,3.815789474,0.67,218.05,57.14,0.05,1.52,430,0.104,0.58,Poor/Fair
3012,0.06,1.08,1.14,0.34,3.176470588,0.52,206.9,65.13,0.05,1.14,431,0.115,0.6,Poor/Fair
3018,0.08,1.69,1.77,0.4,4.225,0.79,213.38,50.51,0.05,1.77,430,0.101,0.58,Poor/Fair
3021,0.08,1.82,1.9,0.49,3.714285714,0.88,207.76,55.94,0.04,1.9,431,0.091,0.6,Poor/Fair
3045,0.08,0.78,0.86,0.6,1.3,0.64,121.31,93.31,0.09,1.9,434,0.125,0.65,Poor/Fair
3045,0.08,0.78,0.86,0.6,1.3,0.48,161.49,124.22,0.09,0.86,434,0.167,0.65,Poor
1673,0.2,13.06,13.26,0.67,19.5,3.46,377.79,19.38,13.26,0.02,422,0.058,0.44,Excellent/Very Good
1680,0.21,14.99,15.2,0.63,23.79,3.38,443.75,18.65,15.2,0.01,419,0.062,0.38,Excellent/Very Good
1690,0.2,13.39,13.59,0.7,19.12,3.16,423.88,22.17,13.59,0.01,420,0.063,0.4,Excellent/Very Good
1700,0.19,14.36,14.55,0.65,22.09,3.91,367.58,16.64,14.55,0.01,422,0.049,0.44,Excellent/Very Good
1710,0.14,15.73,15.87,0.85,18.51,4.07,386.96,20.91,15.87,0.01,421,0.034,0.42,Excellent
1720,0.21,13.21,13.42,0.69,19.15,3.83,345.03,18.02,13.42,0.02,422,0.055,0.44,Excellent/Very Good
1730,0.22,15.25,15.47,0.73,20.9,3.87,394.66,18.89,15.47,0.01,421,0.057,0.42,Excellent/Very Good
1740,0.24,17.88,18.12,0.7,25.54,4.08,438.67,17.17,18.12,0.01,421,0.059,0.42,Excellent
1750,0.22,13.97,14.19,0.57,24.5,3.76,371.23,15.15,14.19,0.02,422,0.059,0.44,Excellent/Very Good
1760,0.16,9.95,10.11,0.57,17.45,2.6,382.65,21.93,10.11,0.02,423,0.062,0.45,Excellent/Very Good
1770,0.18,16.45,16.63,0.71,23.17,3.8,432.44,18.66,16.63,0.01,420,0.047,0.4,Excellent/Very Good
1780,0.17,8.04,8.21,0.54,14.89,2.63,306.2,20.56,8.21,0.02,425,0.065,0.49,Very Good/Poor
1790,0.23,16.64,16.87,0.64,26,3.94,422.73,16.26,16.87,0.01,417,0.058,0.35,Excellent/Very Good
1800,0.31,21.73,22.04,0.7,31.04,4.11,528.85,17.04,22.04,0.01,417,0.075,0.35,Excellent
1804,0.64,5.24,5.88,3.35,1.56,1.03,506.77,323.98,5.88,0.11,437,0.621,0.71,Good/Good
1806,0.4,33.64,34.04,0.71,47.39,6.27,536.34,11.32,34.04,0.01,418,0.064,0.36,Excellent
1809,0.32,26.62,26.94,0.71,37.5,4.94,539.18,14.38,26.94,0.01,420,0.065,0.4,Excellent
1812,0.25,17.74,17.99,0.58,30.58,3.67,483.05,15.8,17.99,0.01,421,0.068,0.42,Excellent/Very Good
1815,0.28,17.85,18.13,0.53,33.68,3.88,459.76,13.65,18.13,0.02,421,0.072,0.42,Excellent/Very Good
1818,0.3,21.33,21.63,0.58,36.77,4.3,495.48,13.48,21.63,0.01,421,0.07,0.42,Excellent
1821,0.26,15.69,15.95,0.51,30.76,3.48,451.27,14.67,15.95,0.02,422,0.075,0.44,Excellent/Very Good
1824,0.19,15.93,16.12,0.51,31.24,3.42,466.33,14.93,16.12,0.01,419,0.056,0.38,Excellent/Very Good
1827,0.2,10.65,10.85,0.5,21.31,2.74,388.25,18.22,10.85,0.02,422,0.073,0.44,Excellent/Very Good
1830,0.22,10.3,10.52,0.48,21.47,2.67,386.06,17.98,10.52,0.02,422,0.082,0.44,Excellent/Very Good
1833,0.15,11.55,11.7,0.7,16.5,2.77,416.37,25.23,11.7,0.01,422,0.054,0.44,Excellent/Very Good
1836,0.19,10.39,10.58,0.53,19.6,2.49,416.81,21.27,10.58,0.02,422,0.076,0.44,Excellent/Very Good
1839,0.2,11.35,11.55,0.54,21.02,2.81,403.87,19.21,11.55,0.02,421,0.071,0.42,Excellent/Very Good
1842,0.22,15.66,15.88,0.54,29,3.36,465.47,16.05,15.88,0.01,420,0.065,0.4,Excellent/Very Good
1845,0.23,19.52,19.75,0.6,32.54,4.04,483.23,14.85,19.75,0.01,417,0.057,0.35,Excellent
1848,0.32,20.14,20.46,0.68,29.62,4.03,500.22,16.89,20.46,0.02,417,0.079,0.35,Excellent
1851,0.26,19.89,20.15,0.63,31.57,4.29,463.32,14.68,20.15,0.01,416,0.061,0.33,Excellent
1854,0.28,21.03,21.31,0.57,36.9,4.12,510.71,13.84,21.31,0.01,416,0.068,0.33,Excellent
1857,0.28,21.44,21.72,0.58,36.96,4.27,502.25,13.59,21.72,0.01,415,0.066,0.31,Excellent
1860,0.19,26.97,27.16,0.68,39.66,4.78,564.46,14.23,27.16,0.01,414,0.04,0.29,Excellent
1863,0.3,22.45,22.75,0.55,40.81,4.14,542.22,13.29,22.75,0.01,415,0.072,0.31,Excellent
1866,0.13,5.07,5.2,0.52,9.75,1.93,263.34,27.01,5.2,0.03,417,0.067,0.35,Good/Good
1869,0.14,5.5,5.64,0.53,10.38,1.94,284.32,27.39,5.64,0.02,417,0.072,0.35,Good/Good
1872,0.12,4.27,4.39,0.61,7,1.43,298.94,42.72,4.39,0.03,420,0.084,0.4,Good/Good
1875,0.12,3.93,4.05,0.54,7.27,1.41,279.4,38.41,4.05,0.03,419,0.085,0.38,Good/Good
1878,0.13,4.41,4.54,0.48,9.18,1.44,307.09,33.45,4.54,0.03,419,0.09,0.38,Good/Good
1881,0.15,12.34,12.49,0.7,17.63,2.32,530.98,30.12,12.49,0.01,418,0.065,0.36,Excellent/Very Good
1884,0.14,7.46,7.6,0.51,14.63,1.64,453.84,31.02,7.6,0.02,419,0.085,0.38,Very Good/Poor
1887,0.18,6.43,6.61,0.5,12.86,1.63,393.56,30.6,6.61,0.03,417,0.11,0.35,Very Good/Poor
1890,0.2,6.94,7.14,0.58,11.96,1.79,388.18,32.46,7.14,0.03,418,0.112,0.36,Very Good/Poor
1893,0.15,9.14,9.29,0.45,20.31,1.76,518.14,25.51,9.29,0.02,417,0.085,0.35,Very Good/Poor
1896,0.17,14.11,14.28,0.61,23.13,2.55,553.55,23.93,14.28,0.01,416,0.067,0.33,Excellent/Very Good
1899,0.23,13.33,13.56,0.48,27.77,2.82,473.37,17.05,13.56,0.02,417,0.082,0.35,Excellent/Very Good
1902,0.19,10.48,10.67,0.45,23.3,1.9,550.6,23.63,10.67,0.02,417,0.1,0.35,Excellent/Good
1905,0.19,10.44,10.63,0.52,20.08,1.83,571.43,28.46,10.63,0.02,415,0.104,0.31,Excellent/Good
1908,0.18,8.87,9.05,0.45,19.72,1.87,474.04,24.04,9.05,0.02,415,0.096,0.31,Very Good/Poor
1911,0.18,8.47,8.65,0.43,19.69,1.8,470.81,23.92,8.65,0.02,416,0.1,0.33,Very Good/Poor
1914,0.14,6.39,6.53,0.42,15.23,1.74,367.5,24.14,6.53,0.02,420,0.08,0.4,Very Good/Poor
1917,0.19,6.64,6.83,0.46,14.43,1.89,351.41,24.35,6.83,0.03,417,0.101,0.35,Very Good/Poor
1920,0.16,9.45,9.61,0.44,21.47,1.78,530.2,24.69,9.61,0.02,416,0.09,0.33,Very Good/Poor
1923,0.12,7.47,7.59,0.42,17.79,1.97,379.38,21.33,7.59,0.02,420,0.061,0.4,Very Good/Poor
1926,0.19,16.3,16.49,0.54,30.18,2.94,554.63,18.38,16.49,0.01,416,0.065,0.33,Excellent/Very Good
1929,0.18,11.79,11.97,0.54,21.83,2.19,538.78,24.68,11.97,0.02,418,0.082,0.36,Excellent/Very Good
1932,0.15,7.9,8.05,0.8,9.87,1.45,543.3,55.02,8.05,0.02,421,0.103,0.42,Very Good/Poor
1935,0.22,19.13,19.35,0.54,35.43,3.11,614.36,17.34,19.35,0.01,417,0.071,0.35,Excellent/Very Good
1938,0.16,11.25,11.41,0.54,20.83,1.87,601.56,28.88,11.41,0.01,417,0.086,0.35,Excellent/Good
1941,0.13,7.86,7.99,0.57,13.79,1.61,487.29,35.34,7.99,0.02,418,0.081,0.36,Very Good/Poor
1944,0.18,12.42,12.6,0.59,21.06,2.27,547.54,26,12.6,0.01,418,0.079,0.36,Excellent/Very Good
1947,0.14,9.84,9.98,0.55,17.89,1.86,528.73,29.55,9.98,0.01,418,0.075,0.36,Very Good/Poor
1950,0.15,8.53,8.68,0.65,13.12,1.58,539.96,41.17,8.68,0.02,421,0.095,0.42,Very Good/Poor
1953,0.15,9.73,9.88,0.42,23.16,1.89,513.55,22.18,9.88,0.02,418,0.079,0.36,Very Good/Poor
1956,0.18,10.1,10.28,0.5,20.2,1.81,557.74,27.61,10.28,0.02,420,0.099,0.4,Excellent/Good
1959,0.14,7.25,7.39,0.84,8.63,1.81,399.51,46.31,7.39,0.02,421,0.077,0.42,Very Good/Poor
1962,0.21,13.89,14.1,0.48,28.93,2.2,632.01,21.85,14.1,0.01,413,0.095,0.27,Excellent/Very Good
1965,0.19,12.64,12.83,0.49,25.8,2.07,610.39,23.66,12.83,0.01,415,0.092,0.31,Excellent/Very Good
1968,0.14,6.02,6.16,0.77,7.82,1.45,414.34,52.99,6.16,0.02,422,0.097,0.44,Very Good/Poor
1971,0.15,6.67,6.82,0.69,9.67,1.77,376.79,38.96,6.82,0.02,417,0.085,0.35,Very Good/Poor
1974,0.12,5.6,5.72,0.53,10.57,1.65,338.98,32.08,5.72,0.02,420,0.073,0.4,Good/Good
1977,0.11,4.71,4.82,0.38,12.39,1.29,366.25,29.55,4.82,0.02,416,0.085,0.33,Good/Good
1980,0.15,5.94,6.09,0.44,13.5,1.58,376.56,27.88,6.09,0.02,417,0.095,0.35,Very Good/Poor
1983,0.17,9.22,9.39,0.62,14.87,2.21,418.04,28.11,9.39,0.02,417,0.077,0.35,Very Good/Poor
1986,0.16,6.79,6.95,0.75,9.05,1.74,389.78,43.05,6.95,0.02,423,0.092,0.45,Very Good/Poor
1989,0.12,5.66,5.78,0.37,15.28,1.63,346.3,22.66,5.78,0.02,416,0.074,0.33,Good/Good
1992,0.15,6.79,6.94,0.45,15.1,1.51,449.98,29.8,6.94,0.02,418,0.099,0.36,Very Good/Poor
1995,0.17,8.45,8.62,0.45,18.77,1.67,504.64,26.88,8.62,0.02,416,0.102,0.33,Very Good/Poor
1998,0.14,4.74,4.88,0.45,10.54,1.2,393.81,37.38,4.88,0.03,421,0.117,0.42,Good/Good
2001,0.17,7.46,7.63,0.36,20.71,1.56,477.94,23.08,7.63,0.02,414,0.109,0.29,Very Good/Poor
2007,0.13,5.58,5.71,0.45,12.4,1.64,340.66,27.47,5.71,0.02,421,0.079,0.42,Good/Good
2010,0.15,5.05,5.2,0.35,14.44,1.25,403.09,27.91,5.2,0.03,421,0.12,0.42,Good/Good
2013,0.14,5.17,5.31,0.42,12.31,1.65,312.58,25.39,5.31,0.03,421,0.085,0.42,Good/Good
2016,0.14,4.05,4.19,0.46,8.79,1.47,275.02,31.27,4.19,0.03,424,0.095,0.47,Good/Good
2019,0.11,3.18,3.29,0.4,7.96,1.17,272.15,34.19,3.29,0.03,422,0.094,0.44,Fair/Good
2022,0.12,3.37,3.49,0.41,8.21,1.2,279.88,34.08,3.49,0.03,423,0.1,0.45,Fair/Good
2025,0.12,3.09,3.21,0.45,6.86,1.5,205.63,29.96,3.21,0.04,425,0.08,0.49,Fair/Good
2028,0.12,2.58,2.7,0.42,6.13,1.02,252.72,41.22,2.7,0.04,424,0.118,0.47,Fair/Good
2031,0.13,5.91,6.04,0.46,12.85,1.58,373.58,29.08,6.04,0.02,426,0.082,0.51,Very Good/Poor
2034,0.13,5.43,5.56,0.44,12.34,1.6,340.44,27.59,5.56,0.02,423,0.081,0.45,Good/Good
2037,0.13,5.31,5.44,0.59,9,1.84,289.37,32.15,5.44,0.02,425,0.071,0.49,Good/Good
2040,0.11,4,4.11,0.5,8,1.42,280.9,35.11,4.11,0.03,424,0.077,0.47,Good/Good
2043,0.13,3.76,3.89,0.41,9.17,1.38,273.06,29.77,3.89,0.03,423,0.094,0.45,Fair/Good
2046,0.1,3.1,3.2,0.46,6.74,1.13,274.58,40.74,3.2,0.03,423,0.088,0.45,Fair/Good
2049,0.1,2.92,3.02,0.42,6.95,1.11,263.54,37.91,3.02,0.03,422,0.09,0.44,Fair/Good
2052,0.11,3.27,3.38,0.41,7.98,1.04,315.94,39.61,3.38,0.03,424,0.106,0.47,Fair/Good
2055,0.11,3.64,3.75,0.36,10.11,1.19,306.4,30.3,3.75,0.03,424,0.092,0.47,Fair/Good
2061,0.11,3.44,3.55,0.38,9.05,1,343.31,37.92,3.55,0.03,423,0.11,0.45,Fair/Good
2064,0.12,3.3,3.42,0.53,6.23,1.09,303.87,48.8,3.42,0.04,423,0.11,0.45,Fair/Good
2091,0.11,5.46,5.57,0.38,14.37,1.23,443.9,30.89,5.57,0.02,416,0.089,0.33,Good/Good
2094,0.09,4.47,4.56,0.38,11.76,1.03,435.67,37.04,4.56,0.02,420,0.087,0.4,Good/Good
2097,0.15,12.31,12.46,0.35,35.17,1.69,729.7,20.75,12.46,0.01,420,0.089,0.4,Excellent/Good
2100,0.14,13.06,13.2,0.36,36.28,2.12,617.2,17.01,13.2,0.01,417,0.066,0.35,Excellent/Very Good
2103,0.12,16.58,16.7,0.37,44.81,2.47,672.07,15,16.7,0.01,418,0.049,0.36,Excellent/Very Good
2106,0.14,18.31,18.45,0.44,41.61,2.7,677.9,16.29,18.45,0.01,417,0.052,0.35,Excellent/Very Good
2109,0.12,9.65,9.77,0.39,24.74,1.64,589.85,23.84,9.77,0.01,418,0.073,0.36,Very Good/Poor
2112,0.2,8.3,8.5,0.44,18.86,2.19,379.52,20.12,8.5,0.02,421,0.091,0.42,Very Good/Poor
2115,0.11,8.9,9.01,0.39,22.82,1.71,521.69,22.86,9.01,0.01,418,0.064,0.36,Very Good/Poor
2118,0.13,11.48,11.61,0.39,29.44,1.92,598.85,20.34,11.61,0.01,417,0.068,0.35,Excellent/Good
2121,0.23,8.98,9.21,0.39,23.03,1.5,599.47,26.03,9.21,0.02,419,0.153,0.38,Very Good/Poor
2127,0.2,8.5,8.7,0.37,22.97,1.58,537.63,23.4,8.7,0.02,420,0.127,0.4,Very Good/Poor
2133,0.14,5.38,5.52,0.33,16.3,1.26,425.63,26.11,5.52,0.03,417,0.111,0.35,Good/Good
2148,0.18,6.43,6.61,0.32,20.09,1.36,472.1,23.49,6.61,0.03,418,0.132,0.36,Very Good/Poor
2151,0.18,6.04,6.22,0.36,16.78,1.35,448.4,26.73,6.22,0.03,418,0.133,0.36,Very Good/Poor
2154,0.15,5.94,6.09,0.35,16.97,1.22,486.09,28.64,6.09,0.02,418,0.123,0.36,Very Good/Poor
2157,0.21,4.15,4.36,0.38,10.92,0.88,473.74,43.38,4.36,0.05,419,0.239,0.38,Good/Fair
2160,0.19,3.29,3.48,0.4,8.23,0.69,477.5,58.06,3.48,0.05,418,0.275,0.36,Fair
2163,0.1,1.85,1.95,1.78,1.04,0.72,258.02,248.26,1.95,0.05,425,0.139,0.49,Poor/Fair
2274,0.1,1.44,1.54,0.34,4.24,0.38,375.98,88.77,1.54,0.06,416,0.263,0.33,Poor
2454,0.11,1.29,1.4,0.38,3.39,0.58,222.8,65.63,1.4,0.08,423,0.19,0.45,Poor/Fair
2457,0.1,1.48,1.58,0.36,4.11,0.6,246.67,60,1.58,0.06,423,0.167,0.45,Poor/Fair
2463,0.1,1.53,1.63,0.37,4.14,0.52,292.54,70.75,1.63,0.06,424,0.192,0.47,Poor/Fair
2466,0.11,1.77,1.88,0.3,5.9,0.71,248.95,42.19,1.88,0.06,424,0.155,0.47,Poor/Fair
2469,0.12,1.82,1.94,0.37,4.92,0.62,293.08,59.58,1.94,0.06,426,0.194,0.51,Poor/Fair
2472,0.12,1.82,1.94,0.37,4.92,0.73,249.66,50.75,1.94,0.06,423,0.164,0.45,Poor/Fair
2475,0.13,1.94,2.07,0.28,6.93,0.68,285.71,41.24,2.07,0.06,424,0.191,0.47,Fair
2478,0.4,2.63,3.03,0.43,6.12,0.67,390.21,63.8,3.03,0.13,422,0.597,0.44,Fair
2544,0.23,1.77,2,0.81,2.19,0.66,267.37,122.36,2,0.12,424,0.348,0.47,Fair
2541,0.23,1.77,2,0.81,2.19,0.65,274.42,125.58,2,0.12,424,0.354,0.47,Fair
2568,0.11,0.98,1.09,0.45,2.18,0.52,189.92,87.21,1.09,0.1,427,0.212,0.53,Poor/Fair
2586,0.11,1.09,1.2,0.43,2.53,0.53,207.62,81.9,1.2,0.09,424,0.208,0.47,Poor/Fair
2679,0.12,1.27,1.39,0.34,3.74,0.53,238.72,63.91,1.39,0.09,429,0.226,0.56,Poor/Fair
2685,0.12,1.42,1.54,0.44,3.23,0.6,235.1,72.85,1.54,0.08,428,0.2,0.54,Poor/Fair
2688,0.12,1.39,1.51,0.49,2.84,0.58,238.42,84.05,1.51,0.08,429,0.207,0.56,Poor/Fair
2685,0.12,1.41,1.53,0.47,3.02,0.59,236.73,78.35,1.53,0.08,428.5,0.203,0.55,Poor/Fair
2694,0.1,1.19,1.29,0.45,2.64,0.5,237.52,89.82,1.29,0.08,427,0.2,0.53,Poor/Fair
2700,0.09,1.07,1.16,0.45,2.38,0.59,181.97,76.53,1.16,0.08,428,0.153,0.54,Poor/Fair
2706,0.09,1.34,1.43,0.4,3.35,0.58,232.64,69.44,1.43,0.06,428,0.155,0.54,Poor/Fair
2709,0.09,1.31,1.4,0.45,2.91,0.57,230.23,79.09,1.4,0.06,429,0.158,0.56,Poor/Fair
2712,0.1,1.62,1.72,0.44,3.68,0.68,238.24,64.71,1.72,0.06,429,0.147,0.56,Poor/Fair
2715,0.11,1.77,1.88,0.67,2.64,0.81,217.71,82.41,1.88,0.06,430,0.136,0.58,Poor/Fair
2718,0.1,2.37,2.47,0.23,10.3,1.1,216.04,20.97,2.47,0.04,430,0.091,0.58,Fair/Good
2721,0.11,2.38,2.49,0.59,4.03,0.98,242.61,60.14,2.49,0.04,428,0.112,0.54,Fair
2718,0.11,2.38,2.48,0.41,5.79,1.04,228.59,39.46,2.48,0.04,429,0.106,0.56,Fair/Good
2724,0.15,2.43,2.58,0.63,3.86,0.93,261.85,67.89,2.58,0.06,428,0.161,0.54,Fair
2730,0.12,1.59,1.71,0.62,2.56,0.65,245.75,95.83,1.71,0.07,428,0.185,0.54,Poor/Fair
2733,0.12,1.63,1.75,0.52,3.13,0.66,246.22,78.55,1.75,0.07,429,0.182,0.56,Poor/Fair
2736,0.14,2.52,2.66,0.49,5.14,0.92,274.21,53.32,2.66,0.05,426,0.152,0.51,Fair
2739,0.1,1.37,1.47,0.48,2.85,0.5,272.37,95.43,1.47,0.07,428,0.2,0.54,Poor/Fair
2742,0.1,1.27,1.37,0.56,2.27,0.51,248.53,109.59,1.37,0.07,428,0.196,0.54,Poor/Fair
2754,0.14,2.04,2.18,0.52,3.92,0.7,292.26,74.5,2.18,0.06,427,0.2,0.53,Fair
2811,0.09,1.96,2.05,0.34,5.76,0.71,277.62,48.16,2.05,0.04,430,0.127,0.58,Fair
2814,0.08,1.02,1.1,0.4,2.55,0.52,194.66,76.34,1.1,0.07,433,0.154,0.63,Poor/Fair
2811,0.09,1.49,1.58,0.37,4.03,0.62,242.28,60.16,1.58,0.06,431.5,0.145,0.61,Poor/Fair
2871,0.11,1.4,1.51,0.47,2.98,0.76,184.21,61.84,1.51,0.07,433,0.145,0.63,Poor/Fair
2880,0.08,1.23,1.31,0.41,3,0.61,202.64,67.55,1.31,0.06,431,0.131,0.6,Poor/Fair
2883,0.1,2.1,2.2,0.53,3.96,0.94,223.64,56.44,2.2,0.05,432,0.106,0.62,Fair
2886,0.07,1.11,1.18,1.18,0.94,0.79,139.97,148.8,1.18,0.06,434,0.089,0.65,Poor/Fair
2883,0.09,1.61,1.69,0.86,1.88,0.87,185.33,98.73,1.69,0.05,433,0.103,0.63,Poor/Fair
2892,0.08,1.26,1.34,0.37,3.41,0.65,193.55,56.84,1.34,0.06,432,0.123,0.62,Poor/Fair
2895,0.09,1.69,1.78,0.36,4.69,0.88,192.48,41,1.78,0.05,432,0.102,0.62,Poor/Fair
2931,0.09,1.21,1.3,0.33,3.67,0.54,223.66,61,1.3,0.07,429,0.167,0.56,Poor/Fair
2934,0.09,1.7,1.79,0.29,5.86,0.68,248.9,42.46,1.79,0.05,431,0.132,0.6,Poor/Fair
2943,0.08,1.16,1.24,0.36,3.22,0.51,228.8,71.01,1.24,0.06,431,0.157,0.6,Poor/Fair
2955,0.1,1.6,1.7,0.35,4.57,0.63,255.18,55.82,1.7,0.06,429,0.159,0.56,Poor/Fair
2958,0.1,1.83,1.93,0.4,4.58,0.68,270.71,59.17,1.93,0.05,431,0.147,0.6,Poor/Fair
2961,0.1,1.81,1.91,0.31,5.84,0.72,253.15,43.36,1.91,0.05,432,0.139,0.62,Poor/Fair
2964,0.09,1.68,1.77,0.33,5.09,0.68,248.89,48.89,1.77,0.05,431,0.132,0.6,Poor/Fair
2985,0.09,1.45,1.54,0.89,1.63,0.86,169.39,103.97,1.54,0.06,433,0.105,0.63,Poor/Fair
2991,0.08,1.21,1.29,0.44,2.75,0.63,192.37,69.95,1.29,0.06,433,0.127,0.63,Poor/Fair
2985,0.09,1.33,1.42,0.67,2,0.74,179.12,89.56,1.42,0.06,433,0.122,0.63,Poor/Fair
3000,0.08,1.33,1.41,0.34,3.91,0.56,238.35,60.93,1.41,0.06,431,0.143,0.6,Poor/Fair
3003,0.08,2.08,2.16,0.31,6.71,0.89,234.5,34.95,2.16,0.04,431,0.09,0.6,Fair
3006,0.08,1.49,1.57,0.36,4.14,0.65,230.65,55.73,1.57,0.05,431,0.123,0.6,Poor/Fair
3009,0.07,1.45,1.52,0.38,3.82,0.67,218.05,57.14,1.52,0.05,430,0.104,0.58,Poor/Fair
3012,0.06,1.08,1.14,0.34,3.18,0.52,206.9,65.13,1.14,0.05,431,0.115,0.6,Poor/Fair
3018,0.08,1.69,1.77,0.4,4.23,0.79,213.38,50.51,1.77,0.05,430,0.101,0.58,Poor/Fair
3021,0.08,1.82,1.9,0.49,3.71,0.88,207.76,55.94,1.9,0.04,431,0.091,0.6,Poor/Fair
3045,0.08,0.78,0.86,0.6,1.3,0.64,121.31,93.31,0.86,0.09,434,0.125,0.65,Poor/Fair
3045,0.08,0.78,0.86,0.6,1.3,0.48,161.49,124.22,0.86,0.09,434,0.167,0.65,Poor
2350,0.52,2,2.52,0.24,8.33,1.38,144.72,17.37,2.52,0.21,425,0.376266252,0.49,Fair/Good
2450,1.91,6.9,8.81,0.62,11.13,2.38,289.79,26.04,8.81,0.22,428,0.803353602,0.54,Very Good/Poor
2550,2.37,8.12,10.49,0.59,13.76,2.19,371.28,26.98,10.49,0.23,428,1.082373006,0.54,Excellent/Very Good
2650,2.74,7.58,10.32,0.7,10.83,2.57,294.83,27.23,10.32,0.27,427,1.06552442,0.53,Excellent/Very Good
2750,1.58,5.35,6.93,0.86,6.22,1.96,273.52,43.97,6.93,0.23,431,0.808809436,0.6,Very Good/Poor
2850,1.56,5.22,6.78,0.57,9.16,1.68,310.34,33.89,6.78,0.23,434,0.928599705,0.65,Very Good/Poor
2950,1.15,5.4,6.55,0.35,15.43,1.65,326.68,21.17,6.55,0.18,430,0.693245853,0.58,Very Good/Poor
3050,1.47,7.16,8.63,0.55,13.02,1.84,388.92,29.88,8.63,0.17,429,0.797866063,0.56,Very Good/Poor
3150,0.67,3.12,3.79,0.56,5.57,1.16,268.73,48.23,3.79,0.18,425,0.577046254,0.49,Fair/Good
3250,0.48,2.4,2.88,0.46,5.22,1.02,234.38,44.92,2.88,0.17,431,0.465491561,0.6,Fair/Good
3350,0.71,4.26,4.97,0.66,6.45,1.23,345.22,53.48,4.97,0.14,436,0.57322885,0.69,Good/Good
3450,0.28,1.44,1.72,0.39,3.69,0.72,199.72,54.09,1.72,0.17,439,0.395107188,0.74,Poor/Fair
3680,0.16,4.11,4.27,0.74,5.55,1.39,296.75,53.43,4.27,0.04,436,0.118250174,0.69,Good/Good
3685,0.15,2.79,2.94,0.79,3.53,1.08,258.33,73.15,2.94,0.05,439,0.13458225,0.74,Fair/Good
3690,0.13,2.16,2.29,0.71,3.04,1.02,212.39,69.81,2.29,0.06,438,0.123863316,0.72,Fair/Good
3695,0.11,1.79,1.9,0.72,2.49,0.92,193.93,78.01,1.9,0.06,438,0.115369406,0.72,Poor/Fair
3700,0.4,2.19,2.59,0.82,2.67,1.07,204.48,76.56,2.59,0.16,435,0.37671171,0.67,Fair/Good
3705,0.17,4.61,4.78,0.91,5.07,1.49,309.4,61.07,4.78,0.04,440,0.113639407,0.76,Good/Good
3710,0.24,4.21,4.45,0.75,5.61,1.35,311.85,55.56,4.45,0.05,433,0.177777781,0.63,Good/Good
3715,0.1,1.44,1.54,0.62,2.32,0.65,222.57,95.83,1.54,0.06,437,0.151677631,0.71,Poor/Fair
3720,0.37,1.59,1.96,0.34,4.68,0.81,196.3,41.98,1.96,0.19,437,0.462518266,0.71,Poor/Fair
3725,0.1,1.96,2.06,0.57,3.44,0.93,211.43,61.49,2.06,0.05,436,0.113227436,0.69,Fair
3730,0.15,2.78,2.93,0.56,4.96,1.13,246.24,49.6,2.93,0.05,439,0.132860943,0.74,Fair/Good
3735,0.09,1.92,2.01,0.32,6,0.97,198.96,33.16,2.01,0.04,441,0.08941922,0.78,Fair
3740,0.4,2.2,2.6,0.26,8.46,1.09,202.39,23.92,2.6,0.15,439,0.36691141,0.74,Fair/Good
3745,0.08,2.18,2.26,0.38,5.74,0.88,246.89,43.04,2.26,0.03,437,0.08934933,0.71,Fair
3750,0.33,1.82,2.15,0.46,3.96,0.82,221.14,55.89,2.15,0.15,438,0.400171726,0.72,Fair
3760,0.36,2.58,2.94,0.45,5.73,0.98,264.62,46.15,2.94,0.12,439,0.372411352,0.74,Fair
3770,0.29,1.83,2.12,0.85,2.15,0.87,209.62,97.37,2.12,0.14,433,0.331524818,0.63,Fair
3780,0.12,2.46,2.58,0.31,7.94,1.16,212.25,26.75,2.58,0.05,442,0.103537534,0.8,Fair/Good
3790,0.2,2.75,2.95,0.5,5.5,1.22,226.34,41.15,2.95,0.07,438,0.164609054,0.72,Fair/Good
3800,0.13,2.11,2.24,0.43,4.91,1.14,185.41,37.79,2.24,0.06,439,0.1142355,0.74,Fair/Good
3810,0.09,1.72,1.81,0.33,5.21,1.12,154.26,29.6,1.81,0.05,439,0.080717488,0.74,Poor/Good
3820,0.16,2.4,2.56,0.75,3.2,1.15,209.06,65.33,2.56,0.06,439,0.13937281,0.74,Fair/Good
3825,0.15,3.28,3.43,0.48,6.83,1.4,234.96,34.38,3.43,0.04,439,0.107449857,0.74,Fair/Good
4240,35.6,10.87,46.47,1.37,7.93,2.18,499,63,46.5,0.77,441,16.33027523,1.13,Excellent/Very Good
4270,33.25,11.35,44.6,1.31,8.66,1.84,617,71,44.6,0.75,444,18.07065217,0.832,Excellent/Good
4300,36.32,8,44.32,1.4,5.71,1.7,471,82,44.3,0.82,438,21.36470588,0.724,Excellent/Good
4330,66.41,16.33,82.74,1.47,11.11,2.82,579,52,82.7,0.8,444,23.54964539,0.832,Excellent/Very Good
4360,20.05,8.9,28.95,1.39,6.4,1.36,654,102,28.9,0.69,440,14.74264706,0.76,Excellent/Good
4381,10.28,8.42,18.7,1.43,5.89,1.32,638,108,18.7,0.55,441,7.787878788,0.778,Excellent/Good
4387,10.5,11.95,22.45,1.49,8.02,1.69,707,88,22.5,0.47,441,6.213017751,0.778,Excellent/Good
4390,41.67,13.86,55.53,1.89,7.33,2.97,467,64,55.5,0.75,442,14.03030303,1.2,Excellent/Very Good
4396,29.75,14.61,44.36,1.71,8.54,2.52,580,68,44.4,0.67,443,11.80555556,0.814,Excellent/Very Good
4402,20.76,11.22,31.98,1.47,7.63,1.92,584,77,32,0.65,439,10.8125,1.21,Excellent/Good
4411,41.04,11.27,52.31,1.61,7,2.64,427,61,52.3,0.78,439,15.54545455,0.742,Excellent/Very Good
4432,48.98,12.16,61.14,1.4,8.69,2.82,431,50,61.1,0.8,439,17.36879433,0.742,Excellent/Very Good
4450,33.15,12.14,45.29,1.33,9.13,2.15,565,62,45.3,0.73,441,15.41860465,0.778,Excellent/Very Good
4459,46.01,13.3,59.31,1.42,9.37,2.97,448,48,59.3,0.78,444,15.49158249,1.22,Excellent/Very Good
4471,24.05,12.35,36.4,1.73,7.14,2.37,521,73,36.4,0.66,443,10.14767932,0.814,Excellent/Very Good
4480,25.9,10.82,36.72,1.49,7.26,2.11,513,71,36.7,0.71,434,12.27488152,0.652,Excellent/Very Good
4490,19.35,8.79,28.14,1.48,5.94,1.75,502,85,28.1,0.69,440,11.05714286,0.76,Excellent/Good
4500,13.12,8.26,21.38,1.36,6.07,1.37,603,99,21.4,0.61,441,9.576642336,0.778,Excellent/Good
4507,25.8,9.14,34.94,1.81,5.05,2.32,394,78,34.9,0.74,440,11.12068966,1.3,Excellent/Very Good
4513,11.16,7.3,18.46,0.86,8.49,1.58,462,54,18.5,0.6,428,7.063291139,0.544,Excellent/Good
4519,17.86,9.47,27.33,0.97,9.76,1.59,596,61,27.3,0.65,434,11.2327044,0.652,Excellent/Good
4531,15.69,5.79,21.48,1.21,4.79,1.42,408,85,21.5,0.73,437,11.04929577,0.706,Excellent/Good
4534,22.26,5.78,28.04,1.58,3.66,1.97,293,80,28,0.79,425,11.29949239,1.33,Excellent/Good
4537,17.97,4.77,22.74,1.15,4.15,1.3,367,88,22.7,0.79,437,13.82307692,0.706,Excellent/Good
4540,18.56,9.14,27.7,1.02,8.96,1.91,479,53,27.7,0.67,436,9.717277487,0.688,Excellent/Good
4546,27.06,8.95,36.01,1.35,6.63,2.06,434,66,36,0.75,441,13.13592233,0.778,Excellent/Very Good
4549,30.32,9.46,39.78,1.55,6.1,2.14,442,72,39.8,0.76,439,14.1682243,0.742,Excellent/Very Good
4552,23.67,7.68,31.35,1.71,4.49,1.79,429,96,31.4,0.76,438,13.22346369,1.23,Excellent/Good
4558,25.3,10.08,35.38,1.34,7.52,3.43,294,39,35.4,0.72,440,7.376093294,0.76,Excellent/Very Good
4564,27.31,8.47,35.78,1.58,5.36,3.49,243,45,35.8,0.76,443,7.8252149,0.814,Excellent/Very Good
4570,29.68,10.15,39.83,1.79,5.67,2.65,383,68,39.8,0.75,438,11.2,0.724,Excellent/Very Good
4576,23.69,7.43,31.12,1.51,4.92,2.12,350,71,31.1,0.76,438,11.1745283,0.724,Excellent/Very Good
4582,22.66,8.08,30.74,1.14,7.09,1.94,416,59,31.7,0.75,441,11.68041237,1.41,Excellent/Good
4588,19.14,8.15,27.29,1.48,5.51,1.8,453,82,27.7,0.7,443,10.63333333,0.814,Excellent/Good
4594,25.14,7.7,32.84,1.22,6.31,2.32,332,53,32.8,0.77,442,10.8362069,0.796,Excellent/Very Good
4597,23.44,9.32,32.76,1.35,6.9,2.04,457,66,32.8,0.72,443,11.49019608,0.814,Excellent/Very Good
4600,18.07,6.8,24.87,1.3,5.23,1.94,351,67,24.9,0.73,441,9.31443299,1.36,Excellent/Good
4606,12.79,5.82,18.61,1.15,5.06,1.3,448,88,18.6,0.69,441,9.838461538,0.778,Excellent/Good
4609,16.03,8.2,24.23,1.2,6.83,1.74,471,69,24.2,0.66,442,9.212643678,0.796,Excellent/Good
4612,18.07,7.05,25.12,1.37,5.15,1.76,401,78,25.1,0.72,441,10.26704545,0.778,Excellent/Good
4618,19.25,6.25,25.5,1.49,4.19,1.56,401,96,25.5,0.75,438,12.33974359,0.724,Excellent/Good
4630,8.41,9.13,17.54,1.16,7.87,1.41,648,82,17.5,0.48,443,5.964539007,1.44,Excellent/Good
4636,22.64,8.45,31.09,1.66,5.09,1.82,464,91,31.1,0.73,440,12.43956044,0.76,Excellent/Good
4642,21.81,8.98,30.79,1.51,5.95,1.92,468,79,30.8,0.71,439,11.359375,0.742,Excellent/Good
4648,23.88,7.73,31.61,1.48,5.22,1.98,390,75,31.6,0.76,437,12.06060606,1.27,Excellent/Good
4654,17.4,6.05,23.45,1.42,4.26,1.32,458,108,23.5,0.74,435,13.18181818,0.67,Excellent/Good
4660,20.46,7.11,27.57,1.77,4.02,1.59,447,111,27.6,0.74,434,12.86792453,0.652,Excellent/Good
4666,18.73,7.92,26.65,1.58,5.01,1.77,447,89,26.6,0.7,436,10.5819209,0.688,Excellent/Good
4672,24.18,7.76,31.94,1.53,5.07,2.07,375,74,31.9,0.76,433,11.68115942,1.4,Excellent/Very Good
4678,15.63,6.34,21.97,1.52,4.17,1.46,434,104,22,0.71,435,10.70547945,0.67,Excellent/Good
4684,16.62,7.8,24.42,1.53,5.1,1.69,462,91,24.4,0.68,434,9.834319527,0.652,Excellent/Good
4690,28.44,9.4,37.84,1.68,5.6,2.49,378,67,37.8,0.75,428,11.42168675,1.46,Excellent/Very Good
4696,20.3,10.16,30.46,1.72,5.91,2.18,466,79,30.5,0.67,431,9.311926606,0.598,Excellent/Very Good
4702,16.23,9.7,25.93,1.61,6.02,1.84,527,88,25.9,0.63,429,8.820652174,0.562,Excellent/Good
4708,17.47,9.55,27.02,2.2,4.34,1.94,492,113,27,0.65,431,9.005154639,0.598,Excellent/Good
4714,25.21,8.28,33.49,1.96,4.22,2.22,373,88,33.5,0.75,426,11.35585586,1.34,Excellent/Very Good
4720,27.09,8.98,36.07,1.45,6.19,2.14,420,68,36.1,0.75,429,12.6588785,0.562,Excellent/Very Good
4723,26.65,7.13,33.78,1.8,3.96,2.24,318,80,33.8,0.79,427,11.89732143,1.46,Excellent/Very Good
4726,22.98,8.4,31.38,2.14,3.93,2.13,394,100,31.4,0.73,430,10.78873239,0.58,Excellent/Very Good
4729,26.39,8.15,34.54,2.31,3.53,2.33,350,99,34.5,0.76,429,11.32618026,1.4,Excellent/Very Good
4732,14.34,9.24,23.58,2.07,4.46,1.97,469,105,23.6,0.61,431,7.279187817,0.598,Excellent/Good
4738,22.22,10.76,32.98,1.25,8.61,4.25,253,29,33,0.67,438,5.228235294,1.41,Excellent
4741,30.35,9.93,40.28,1.49,6.66,4.48,222,33,40.3,0.75,438,6.774553571,0.724,Excellent
4750,30.59,9.92,40.51,1.38,7.19,3.8,261,36,40.5,0.76,435,8.05,0.67,Excellent/Very Good
4756,30.5,10.87,41.37,1.35,8.05,3.6,302,38,41.4,0.74,437,8.472222222,0.706,Excellent/Very Good
4762,25.46,10.95,36.41,0.64,17.11,3.57,307,18,36.4,0.7,435,7.131652661,1.53,Excellent/Very Good
4774,8.51,8.18,16.69,0.81,10.1,2.54,322,32,16.7,0.51,432,3.350393701,0.616,Excellent/Very Good
4786,32,11.81,43.81,1,11.81,3.63,325,28,43.8,0.73,435,8.815426997,1.49,Excellent/Very Good
4798,28.89,11.47,40.36,0.89,12.89,3.23,355,28,40.4,0.72,432,8.944272446,0.616,Excellent/Very Good
4804,25.43,11.58,37.01,0.68,17.03,2.96,391,23,37,0.69,430,8.591216216,1.42,Excellent/Very Good
4810,33.56,8.85,42.41,1.16,7.63,3.26,271,36,42.4,0.79,433,10.29447853,0.634,Excellent/Very Good
4822,30.87,9.36,40.23,1.28,7.31,3.41,274,38,40.2,0.77,430,9.052785924,1.11,Excellent/Very Good
4834,27.43,9.61,37.04,0.88,10.92,3.32,289,27,37,0.74,432,8.262048193,0.616,Excellent/Very Good
4846,24.22,7.41,31.63,0.97,7.64,2.75,269,35,31.6,0.77,433,8.807272727,1.53,Excellent/Very Good
4858,28.99,7.94,36.93,0.7,11.34,3.06,259,23,36.9,0.78,428,9.473856209,0.544,Excellent/Very Good
4864,32.66,12.33,44.99,1.22,10.11,3.6,343,34,45,0.73,433,9.072222222,1.6,Excellent/Very Good
4870,22.64,10.42,33.06,0.99,10.53,3.05,342,32,33.1,0.68,431,7.42295082,0.598,Excellent/Very Good
4882,29.38,11.26,40.64,1.28,8.8,5.61,201,23,40.6,0.72,430,5.237076649,1.54,Excellent
4894,31.86,8.95,40.81,0.93,9.62,4.59,195,20,40.8,0.78,431,6.941176471,0.598,Excellent
4906,46.6,14.42,61.02,1.19,12.12,3.56,405,33,61,0.76,431,13.08988764,1.44,Excellent/Very Good
4918,46.38,13.95,60.33,1.33,10.49,5.58,250,24,60.3,0.77,433,8.311827957,0.634,Excellent
4930,36.59,10.74,47.33,1.59,6.75,4.65,231,34,47.3,0.77,435,7.868817204,0.67,Excellent
4942,38.44,13.03,51.47,1.32,9.87,5.35,244,25,51.5,0.75,432,7.185046729,0.616,Excellent
4954,39.15,12.07,51.22,1.17,10.32,5.39,224,22,51.2,0.76,435,7.263450835,1.74,Excellent
4966,46.91,12.28,59.19,1.4,8.77,6.2,198,23,59.2,0.79,433,7.566129032,0.634,Excellent
4966,46.91,12.28,59.19,1.4,8.77,6.2,198,23,59.2,0.79,433,7.566129032,0.634,Excellent
4978,46.34,11.18,57.52,1.44,7.76,5.56,201,26,57.5,0.81,434,8.334532374,1.47,Excellent
4990,47.49,10.23,57.72,1.21,8.45,4.63,221,26,57.7,0.82,432,10.25701944,0.616,Excellent
5002,28.31,10.09,38.4,1.32,7.64,2.94,343,45,38.4,0.74,437,9.629251701,1.69,Excellent/Very Good
5014,28.86,7.19,36.05,1.01,7.12,1.59,452,64,36,0.8,433,18.1509434,0.634,Excellent/Good
5025,2.87,0.63,3.5,0.45,1.4,2.54,25,18,3.5,0.82,398,1.12992126,0.004,Fair/Very Good
5028,0.26,0.3,0.56,0.36,0.83,0.07,429,514,0.6,0.46,430,3.714285714,0.58,Poor
5032,25.49,13.45,38.94,1.11,12.12,2.16,623,51,38.9,0.65,435,11.80092593,0.67,Excellent/Very Good
5033,0.42,0.68,1.1,0.3,2.27,0.12,567,250,1.1,0.38,360,3.5,-0.68,Poor
5038,1.42,0.89,2.31,0.31,2.87,0.19,468,163,2.3,0.61,412,7.473684211,0.256,Fair/Poor
5050,40.81,9.45,50.26,0.94,10.05,2.27,416,41,50.3,0.81,432,17.97797357,0.616,Excellent/Very Good
5068,30.72,6.15,36.87,0.83,7.41,1.8,342,46,36.9,0.83,433,17.06666667,0.634,Excellent/Good
5077,32.04,6.53,38.57,0.86,7.59,2.29,285,38,38.6,0.83,431,13.99126638,0.598,Excellent/Very Good
5086,37.49,6.21,43.7,0.98,6.34,2.1,296,47,43.7,0.86,431,17.85238095,0.598,Excellent/Very Good
5104,42.96,9.01,51.97,1.27,7.09,2.33,387,55,52,0.83,432,18.43776824,0.616,Excellent/Very Good
5122,43.56,9.64,53.2,1.09,8.84,2.81,343,39,53.2,0.82,430,15.50177936,0.58,Excellent/Very Good
5140,37.33,4.61,41.94,1.03,4.48,1.92,240,54,41.9,0.89,434,19.44270833,0.652,Excellent/Good
5158,30.04,9.18,39.22,0.81,11.33,2.31,397,35,39.2,0.77,432,13.004329,0.616,Excellent/Very Good
5176,29.84,11.48,41.32,1.31,8.76,2.92,393,45,41.3,0.72,428,10.21917808,0.544,Excellent/Very Good
5194,37.58,11.22,48.8,1.13,9.93,2.79,402,41,48.8,0.77,435,13.46953405,1.51,Excellent/Very Good
3125,0.38,1.93,2.31,0.51,3.78,1.49,130,34,2.3,0.16,428,0.255033557,0.544,Fair/Good
3130,0.19,0.61,0.8,0.56,1.09,1.07,57,52,0.8,0.24,424,0.177570093,0.472,Poor/Good
3140,0.25,1.34,1.59,0.81,1.65,1.37,98,59,1.6,0.16,426,0.182481752,0.508,Poor/Good
3164,1.64,2.07,3.71,0.43,4.81,1.34,154,32,3.7,0.44,349,1.223880597,-0.878,Fair/Good
3194,0.04,0.02,0.06,0.43,0.05,0.35,6,123,0.1,0.67,430,0.114285714,0.58,Poor
3218,1.64,1.58,3.22,0.3,5.27,0.86,184,35,3.2,0.51,342,1.906976744,-1.004,Fair
3218,1.78,1.35,3.13,0.45,3,0.76,178,59,3.1,0.57,337,2.342105263,-1.094,Fair
3224,0.05,0.01,0.06,0.18,0.06,0.36,3,50,0.1,0.83,350,0.138888889,-0.86,Poor
3230,0.04,0.02,0.06,0.28,0.07,0.36,6,78,0.1,0.67,254,0.111111111,-2.588,Poor
3242,0.04,0.02,0.06,0.26,0.08,0.41,6,79,0.1,0.67,299,0.097560976,-1.778,Poor
3272,0.31,0.9,1.21,2.22,0.41,0.43,63,156,1.2,0.26,428,0.720930233,0.544,Poor
3272,0.07,0.03,0.1,0.13,0.23,0.39,7,30,0.1,0.7,385,0.179487179,-0.23,Poor
3278,0.02,0.04,0.06,0.18,0.22,0.38,10,46,0.1,0.33,316,0.052631579,-1.472,Poor
3284,0.04,0.04,0.08,0.04,1,0.4,11,11,0.1,0.5,297,0.1,-1.814,Poor
3290,0.02,0.05,0.07,0.33,0.15,0.51,13,83,0.1,0.29,377,0.039215686,-0.374,Poor/Fair
3296,0.06,0.18,0.24,0.25,0.72,7.68,35,49,0.2,0.25,427,0.0078125,0.526,Poor to Fair/Excellent
3302,4.37,33.59,37.96,0.61,55.07,7.04,437,8,38,0.12,429,0.620738636,0.562,Very Good/Excellent
3308,3.91,30.31,34.22,0.44,68.89,6.77,431,6,34.2,0.11,435,0.577548006,0.67,Excellent
3320,3.13,25.29,28.42,0.56,45.16,6.28,403,9,28.4,0.11,33,0.498407643,-6.566,Excellent
3326,0.07,0.11,0.18,0.28,0.39,0.5,22,56,0.2,0.39,427,0.14,0.526,Poor/Fair
3326,0.66,6.14,6.8,0.4,15.35,2.38,258,17,6.8,0.1,432,0.277310924,0.616,Very Good/Poor
3332,0.05,0.15,0.2,0.23,0.65,0.57,26,40,0.2,0.25,430,0.087719298,0.58,Poor/Fair
3332,2.33,21.46,23.79,0.6,35.77,5.44,394,11,23.8,0.1,433,0.428308824,0.634,Excellent
3338,0.07,0.09,0.16,0.26,0.35,0.4,23,65,0.2,0.44,368,0.175,-0.536,Poor
3344,0.09,0.24,0.33,0.45,0.53,0.56,43,80,0.3,0.27,429,0.160714286,0.562,Poor/Fair
3344,0.07,0.25,0.32,0.31,0.81,0.66,38,47,0.3,0.22,433,0.106060606,0.634,Poor/Fair
3350,0.08,0.14,0.22,0.28,0.5,0.51,27,55,0.2,0.36,434,0.156862745,0.652,Poor/Fair
3356,0.06,0.18,0.24,0.19,0.95,0.55,33,35,0.2,0.25,435,0.109090909,0.67,Poor/Fair
3368,0.05,0.03,0.08,0.25,0.12,0.5,6,50,0.1,0.63,300,0.1,-1.76,Poor/Fair
3374,0.1,0.41,0.51,0.26,1.58,0.75,55,35,0.5,0.2,437,0.133333333,0.706,Poor/Fair
3374,0.14,0.28,0.42,0.46,0.61,0.69,41,67,0.4,0.33,429,0.202898551,0.562,Poor/Fair
3380,0.16,0.57,0.73,0.3,1.9,0.72,79,42,0.7,0.22,436,0.222222222,0.688,Poor/Fair
3386,0.12,0.44,0.56,0.25,1.76,0.76,58,33,0.6,0.21,434,0.157894737,0.652,Poor/Fair
3386,0.11,0.17,0.28,0.46,0.43,0.6,33,77,0.3,0.35,431,0.183333333,0.598,Poor/Fair
3392,0.1,0.17,0.27,0.31,0.55,0.59,29,53,0.3,0.37,431,0.169491525,0.598,Poor/Fair
3398,0.04,0.01,0.05,0.17,0.06,0.12,8,142,0.1,0.8,443,0.333333333,0.814,Poor
3398,0.2,0.35,0.55,0.43,0.81,0.67,52,64,0.6,0.36,429,0.298507463,0.562,Poor/Fair
3398,0.14,0.18,0.32,0.25,0.72,0.63,29,40,0.3,0.44,432,0.222222222,0.616,Poor/Fair
3410,0.07,0.11,0.18,0.61,0.13,0.39,28,156,0.2,0.39,339,0.179487179,-1.058,Poor
3410,0.08,0.17,0.25,0.2,0.18,0.52,16,38,0.3,0.32,431,0.153846154,0.598,Poor/Fair
3416,0.06,0.08,0.14,0.21,0.85,0.38,7,55,0.1,0.43,390,0.157894737,-0.14,Poor
3422,0.08,0.06,0.14,0.18,1.83,0.5,28,36,0.4,0.2,433,0.16,0.634,Poor/Fair
3428,0.05,0.08,0.13,0.39,0.4,0.39,21,51,0.1,0.38,352,0.128205128,-0.824,Poor
3434,0.04,0.05,0.09,0.2,0.31,0.38,13,42,0.1,0.44,356,0.105263158,-0.752,Poor
3440,0.02,0.04,0.06,0.16,0.24,0.36,11,47,0.1,0.33,431,0.055555556,0.598,Poor
3446,0.03,0.04,0.07,0.17,0.29,0.34,12,41,0.1,0.43,425,0.088235294,0.49,Poor
3452,0.03,0.03,0.06,0.14,0.2,0.32,9,47,0.1,0.5,357,0.09375,-0.734,Poor
3458,0.46,0.52,0.98,0.15,3.47,0.56,93,27,1,0.47,336,0.821428571,-1.112,Poor/Fair
3470,0.08,0.17,0.25,0.26,0.71,0.46,37,52,0.3,0.32,430,0.173913043,0.58,Poor
3470,0.09,0.4,0.49,0.24,3.33,0.59,68,20,0.5,0.18,435,0.152542373,0.67,Poor/Fair
3482,0.02,0.06,0.08,0.16,0.38,0.39,15,41,0.1,0.25,403,0.051282051,0.094,Poor
3488,0.02,0.06,0.08,0.16,0.46,0.38,16,34,0.1,0.25,401,0.052631579,0.058,Poor
3494,0.02,0.05,0.07,0.13,0.36,0.38,13,37,0.1,0.29,431,0.052631579,0.598,Poor
3497,0.02,0.06,0.08,0.14,0.38,0.42,14,38,0.1,0.25,430,0.047619048,0.58,Poor
3506,0.03,0.07,0.1,0.16,0.35,0.37,19,54,0.1,0.3,432,0.081081081,0.616,Poor
3512,0.04,0.11,0.15,0.2,0.73,0.4,28,38,0.2,0.27,430,0.1,0.58,Poor
3518,0.44,1.02,1.46,0.15,3.4,0.8,128,38,1.5,0.3,428,0.55,0.544,Poor/Fair
3518,0.39,1.49,1.88,0.3,9.93,0.95,157,16,1.9,0.21,435,0.410526316,0.67,Poor/Fair
3524,0.1,0.79,0.89,0.15,5.27,0.76,104,20,0.9,0.11,436,0.131578947,0.688,Poor/Fair
3530,0.03,0.06,0.09,0.2,0.3,0.39,15,51,0.1,0.33,430,0.076923077,0.58,Poor
3536,0.05,0.13,0.18,0.23,0.57,0.39,33,59,0.2,0.28,429,0.128205128,0.562,Poor
3334,0.02,0.04,0.06,0.44,0.09,0.06,67,733,0.1,0.33,387,0.333333333,-0.194,Poor
3358,0.03,0.05,0.08,0.41,0.12,0.01,500,4100,0.1,0.38,338,3,-1.076,Poor
3386,0.06,0.05,0.11,0.43,0.12,0.04,125,1075,0.1,0.55,335,1.5,-1.13,Poor
3480,0.04,0.04,0.08,0.45,0.09,0.04,100,1125,0.1,0.5,367,1,-0.554,Poor
3532,0.03,0.04,0.07,0.41,0.1,0.01,400,4100,0.1,0.43,321,3,-1.382,Poor
3557,0.04,0.03,0.07,0.38,0.08,0.06,50,633,0.1,0.57,323,0.666666667,-1.346,Poor
3581,0.02,0.04,0.06,0.33,0.12,0.01,400,3300,0.1,0.33,323,2,-1.346,Poor
3602,0.06,0.05,0.11,0.37,0.14,0.01,500,3700,0.1,0.55,416,6,0.328,Poor
3627,0.03,0.03,0.06,0.34,0.09,0.02,150,1700,0.1,0.5,323,1.5,-1.346,Poor
3651,0.02,0.03,0.05,0.28,0.11,0.01,300,2800,0.1,0.4,328,2,-1.256,Poor
3675,0.01,0.04,0.05,0.29,0.14,0.03,133,967,0.1,0.2,436,0.333333333,0.688,Poor
3700,0.03,0.05,0.08,0.41,0.12,0.05,100,820,0.1,0.38,433,0.6,0.634,Poor
3745,0.03,0.05,0.08,0.56,0.09,0.12,42,467,0.1,0.38,374,0.25,-0.428,Poor
3767,0.03,0.08,0.11,0.66,0.12,0.13,62,508,0.1,0.33,415,0.230769231,0.31,Poor
3773,0.03,0.05,0.08,0.53,0.09,0.14,36,379,0.1,0.5,378,0.214285714,-0.356,Poor
3779,0.03,0.11,0.14,0.51,0.22,0.14,79,364,0.3,0.59,416,0.214285714,0.328,Poor
3782,0.03,0.81,0.84,0.57,1.42,0.46,176,124,3.4,0.76,415,0.065217391,0.31,Poor
3785,0.03,0.97,1,0.56,1.73,0.53,183,106,4.6,0.79,417,0.056603774,0.346,Poor/Fair
3788,0.03,0.38,0.41,0.55,0.69,0.24,158,229,1.2,0.69,416,0.125,0.328,Poor
3791,0.03,0.5,0.53,0.59,0.85,0.31,161,190,1.7,0.7,414,0.096774194,0.292,Poor
3794,0.03,0.09,0.12,0.41,0.22,0.1,90,410,0.2,0.59,431,0.3,0.598,Poor
3800,0.03,0.06,0.09,0.42,0.14,0.08,75,525,0.1,0.4,433,0.375,0.634,Poor
3803,0.03,0.06,0.09,0.46,0.13,0.12,50,383,0.2,0.6,438,0.25,0.724,Poor
3806,0.03,0.11,0.14,0.41,0.27,0.12,92,342,0.2,0.48,414,0.25,0.292,Poor
3825,0.03,0.07,0.1,0.33,0.21,0.02,350,1650,0,0.3,429,1.5,0.562,Poor
3831,0.08,0.06,0.14,0.49,0.12,0.08,75,613,0.1,0.57,411,1,0.238,Poor
3834,0.02,0.07,0.09,0.42,0.17,0.17,41,247,0.1,0.22,434,0.117647059,0.652,Poor
3852,0.03,0.04,0.07,0.48,0.08,0.06,67,800,0.1,0.43,325,0.5,-1.31,Poor
3858,0.04,0.06,0.1,0.5,0.12,0.12,50,417,0.1,0.4,420,0.333333333,0.4,Poor
3864,4.25,1.44,5.69,0.59,2.44,0.91,158,65,5.7,0.75,416,4.67032967,0.328,Good/Fair
3877,0.04,0.05,0.09,0.68,0.07,0.12,42,567,0.1,0.44,372,0.333333333,-0.464,Poor
3889,0.09,0.16,0.25,0.51,0.31,0.08,200,638,0.3,0.36,415,1.125,0.31,Poor
3892,0.14,0.07,0.21,0.62,0.11,0.19,37,326,0.2,0.67,440,0.736842105,0.76,Poor
3895,0.04,0.07,0.11,0.61,0.11,0.17,41,359,0.1,0.36,412,0.235294118,0.256,Poor
3898,0.2,0.09,0.29,0.64,0.14,0.2,45,320,0.3,0.69,381,1,-0.302,Poor
3901,0.05,0.09,0.14,0.59,0.15,0.15,60,393,0.1,0.36,409,0.333333333,0.202,Poor
3904,0.6,0.41,1.01,0.65,0.63,0.31,132,210,1,0.59,417,1.935483871,0.346,Poor
3913,0.3,0.3,0.6,0.7,0.43,0.21,143,333,0.6,0.5,399,1.428571429,0.022,Poor
3922,0.49,0.29,0.78,0.73,0.4,0.34,85,215,0.8,0.63,418,1.441176471,0.364,Poor
3931,5.22,1.18,6.4,0.76,1.55,0.94,126,81,6.4,0.82,417,5.553191489,0.346,Very Good/Poor
3941,0.37,0.21,0.58,0.97,0.22,0.36,58,269,0.6,0.64,421,1.027777778,0.418,Poor
3950,3.61,1.2,4.81,0.8,1.5,0.81,148,99,4.8,0.75,417,4.456790123,0.346,Good/Fair
3962,3.8,1.24,5.04,0.95,1.31,0.9,138,106,5,0.75,418,4.222222222,0.364,Good/Fair
3971,0.55,7.24,7.79,0.84,8.62,3.6,201,23,7.8,0.07,433,0.152777778,0.634,Very Good/Poor
3980,1.61,0.91,2.52,1.16,0.78,0.77,118,151,2.5,0.64,418,2.090909091,0.364,Fair
3998,2.27,0.83,3.1,1,0.83,0.72,115,139,3.1,0.73,412,3.152777778,0.256,Fair
4011,0.73,0.33,1.06,0.85,0.39,0.32,103,266,1.1,0.69,409,2.28125,0.202,Poor
4020,0.36,0.14,0.5,0.72,0.19,0.29,48,248,0.5,0.72,400,1.24137931,0.04,Poor
4032,0.68,0.36,1.04,0.78,0.46,0.38,95,205,1,0.65,406,1.789473684,0.148,Poor
4053,3.54,1.78,5.32,1.07,1.66,1.12,159,96,5.3,0.67,420,3.160714286,0.4,Good/Good
4062,2.3,1.4,3.7,0.89,1.57,0.81,173,110,3.7,0.62,416,2.839506173,0.328,Fair
4072,2.81,1.54,4.35,0.94,1.64,0.84,183,112,4.3,0.65,421,3.345238095,0.418,Good/Fair
4084,2.28,1.12,3.4,0.87,1.29,0.72,156,121,3.4,0.67,412,3.166666667,0.256,Fair
4093,1.8,0.76,2.56,0.97,0.78,0.53,143,183,2.6,0.7,412,3.396226415,0.256,Fair
4102,1.2,0.58,1.78,0.77,0.75,0.46,126,167,1.8,0.67,411,2.608695652,0.238,Poor
4111,1.43,0.57,2,0.66,0.86,0.52,110,127,2,0.71,410,2.75,0.22,Fair
4120,1.45,0.64,2.09,0.85,0.75,0.52,123,163,2.1,0.69,412,2.788461538,0.256,Fair
4130,0.74,0.47,1.21,0.86,0.55,0.5,94,172,1.2,0.61,418,1.48,0.364,Poor/Fair
4139,1,0.55,1.55,0.65,0.85,0.55,100,118,1.6,0.65,429,1.818181818,0.562,Poor/Fair
4148,0.85,0.48,1.33,0.75,0.64,0.55,87,136,1.3,0.64,430,1.545454545,1.22,Poor/Fair
4157,0.58,0.45,1.03,0.72,0.62,0.6,75,120,1,0.56,420,0.966666667,0.4,Poor/Fair
4163,0.85,0.71,1.56,0.73,0.97,0.47,151,155,1.6,0.54,441,1.808510638,0.778,Poor
4169,0.94,0.6,1.54,0.76,0.79,0.46,130,165,1.5,0.61,436,2.043478261,0.688,Poor
4175,1.04,0.52,1.56,0.62,0.84,0.39,133,159,1.6,0.67,433,2.666666667,0.634,Poor
4181,1.23,0.62,1.85,0.83,0.75,0.75,83,111,1.9,0.66,433,1.64,0.634,Poor/Fair
4184,0.71,0.3,1.01,0.65,0.46,0.43,70,151,1,0.7,429,1.651162791,0.562,Poor
4191,4.12,4.47,8.59,0.68,6.57,4.26,105,16,8.6,0.48,444,0.96713615,0.832,Very Good/Poor
4192,4.44,8.54,12.98,0.92,9.28,6.58,130,14,13,0.34,446,0.674772036,0.868,Excellent
4194,4.68,13.44,18.12,0.86,15.63,7.38,182,12,18.1,0.26,449,0.634146341,0.922,Very Good/Excellent
4197,5.4,9.46,14.86,0.73,12.96,5.31,178,14,14.9,0.36,446,1.016949153,0.868,Excellent
4200,4.39,5.93,10.32,0.96,6.18,4.21,141,23,10.3,0.43,445,1.042755344,0.85,Excellent
4206,4.51,6.42,10.93,1.31,4.9,5.46,118,24,10.9,0.41,442,0.826007326,0.796,Excellent
4218,3.15,3.95,7.1,1.62,2.44,4.28,92,38,7.1,0.44,442,0.735981308,0.796,Very Good/Poor
4236,2.92,3.46,6.38,1.54,2.25,3.82,91,40,6.4,0.46,444,0.764397906,0.82,Very Good/Poor
4250,3.14,4.48,7.62,1.44,3.11,4.38,102,33,7.6,0.41,450,0.716894977,0.94,Very Good/Poor
4267,3.28,4.55,7.83,1.52,2.99,4.01,113,38,7.8,0.42,447,0.817955112,0.886,Very Good/Poor
4276,1.83,1.5,3.33,1.54,0.97,2.78,54,55,3.3,0.55,445,0.658273381,0.97,Fair/Very Good
4282,2.5,3.2,5.7,1.03,3.11,2.24,143,46,5.7,0.44,453,1.116071429,0.994,Good/Very Good
4288,2.58,3.42,6,1.15,2.97,2.96,116,39,6,0.43,454,0.871621622,1.012,Very Good/Poor
4294,2.45,3.33,5.78,1.18,2.82,3,111,39,5.8,0.42,454,0.816666667,1.012,Good/Very Good
4300,2.33,2.76,5.09,1.21,2.28,2.91,95,42,5.1,0.46,453,0.800687285,0.994,Good/Very Good
4340,1.27,2.35,3.62,0.06,39.17,2.69,87,2,3.6,0.35,469,0.472118959,0.97,Fair/Very Good
4341,1.2,0.56,1.76,0.03,18.6,0.37,151,8,1.8,0.68,450,3.243243243,0.94,Poor
4341,1.68,0.63,2.31,0.04,15.75,0.86,73,5,2.3,0.73,454,1.953488372,1.012,Fair
4355,1.57,0.98,2.55,0.06,16.33,0.98,100,6,2.6,0.62,454,1.602040816,1.012,Fair
4356,1.97,0.88,2.85,0.04,22,0.83,106,5,2.9,0.69,456,2.373493976,1.048,Fair
4358,8.28,3.17,11.45,1.36,2.33,3.3,96,41,11.4,0.72,455,2.509090909,1.03,Excellent/Very Good
4373,6.21,5.48,11.69,1.07,5.12,3.79,145,28,11.7,0.53,451,1.638522427,0.958,Excellent/Very Good
4386,4.7,9.1,13.8,1.02,8.92,8.81,103,12,13.8,0.34,465,0.533484677,1.21,Very Good/Excellent
4395,5.06,4.32,9.38,1.09,3.96,3.76,115,29,9.4,0.54,457,1.345744681,1.066,Very Good/Poor
4425,10.09,33.57,43.66,4.58,7.33,21.11,159,22,43.7,0.23,473,0.477972525,1.354,Very Good/Excellent
4462,3.5,2.21,5.71,0.9,2.46,2.55,87,35,5.7,0.61,459,1.37254902,1.102,Good/Very Good
4486,2.92,0.35,3.27,1.3,0.27,0.97,36,134,3.3,0.89,381,3.010309278,-0.302,Fair
4511,4.78,3.25,8.03,0.84,3.87,3.26,100,26,8,0.6,455,1.466257669,1.03,Very Good/Poor
4517,0.16,0.05,0.21,0.02,2.5,0.05,100,40,0.2,0.76,342,3.2,-1.004,Poor
4523,0.36,0.12,0.48,0.07,1.71,0.13,92,54,0.5,0.75,405,2.769230769,0.13,Poor
4526,0.22,0.04,0.26,0.03,1.33,0.09,44,33,0.3,0.85,356,2.444444444,-0.752,Poor
4535,0.38,0.18,0.56,0.37,0.49,0.38,47,97,0.6,0.68,438,1,0.724,Poor
4538,0.13,0.05,0.18,0.4,0.13,0.23,22,174,0.2,0.72,418,0.565217391,1.22,Poor
4544,0.32,0.2,0.52,0.72,0.28,0.36,56,200,0.5,0.62,416,0.888888889,0.328,Poor
4550,0.09,0.06,0.15,0.17,0.35,0.12,50,142,0.2,0.6,391,0.75,-0.122,Poor
4562,0.04,0.02,0.06,0.12,0.17,0.11,18,109,0.1,0.67,328,0.363636364,-1.256,Poor
4599,0.08,0.06,0.14,0.19,0.32,0.14,43,136,0.1,0.57,402,0.571428571,0.076,Poor
4611,0.06,0.01,0.07,0.07,0.14,0.13,8,54,0.1,0.86,357,0.461538462,-0.734,Poor
4623,0.19,0.08,0.27,0.13,0.62,0.2,40,65,0.3,0.7,414,0.95,0.292,Poor
4636,0.04,0.04,0.08,0.2,0.2,0.09,44,222,0.1,0.5,385,0.444444444,-0.23,Poor
4648,0.03,0.03,0.06,0.03,1,0.04,75,75,0.1,0.5,320,0.75,-1.4,Poor
4672,0.08,0.08,0.16,0.13,0.62,0.14,57,93,0.2,0.5,300,0.571428571,-1.76,Poor
4684,0.23,0.32,0.55,0.23,1.39,0.22,145,105,0.6,0.42,390,1.045454545,-0.14,Poor
4696,0.06,0.07,0.13,0.14,0.5,0.14,50,100,0.1,0.46,334,0.428571429,-1.148,Poor
4709,0.05,0.03,0.08,0.05,0.6,0.08,38,63,0.1,0.63,337,0.625,-1.094,Poor
4721,0.07,0.15,0.22,0.43,0.35,0.27,56,159,0.2,0.32,408,0.259259259,0.184,Poor
4776,0.02,0.06,0.08,0.07,0.86,0.07,86,100,0.1,0.25,385,0.285714286,-0.23,Poor
4806,0.03,0.04,0.07,0.09,0.44,0.03,133,300,0.1,0.43,359,1,-0.698,Poor
4818,0.14,0.23,0.37,0.31,0.74,0.25,92,124,0.4,0.38,367,0.56,-0.554,Poor
4837,0.12,0.29,0.41,0.25,1.16,0.17,171,147,0.4,0.29,374,0.705882353,-0.428,Poor
4870,0.06,0.1,0.16,0.13,0.77,0.08,125,163,0.2,0.38,378,0.75,-0.356,Poor
4888,0.02,0.06,0.08,0.07,0.86,0.06,100,117,0.1,0.25,379,0.333333333,-0.338,Poor
4907,0.01,0.07,0.08,0.05,1.4,0.03,233,167,0.1,0.13,391,0.333333333,-0.122,Poor
4925,0.01,0.05,0.06,0.04,1.25,0.04,125,100,0.1,0.17,376,0.25,-0.392,Poor
4943,0.02,0.12,0.14,0.16,0.75,0.1,120,160,0.1,0.14,374,0.2,-0.428,Poor
4962,0.09,0.11,0.2,0.23,0.48,0.14,79,164,0.2,0.45,376,0.642857143,1.27,Poor
4992,0.17,0.2,0.37,0.34,0.59,0.16,125,213,0.4,0.46,383,1.0625,-0.266,Poor
5006,2.97,2.45,5.42,2.59,0.95,2.04,120,127,5.4,0.55,368,1.455882353,-0.536,Good/Very Good
5029,1.38,1.48,2.86,1.31,1.13,0.76,195,172,2.9,0.48,385,1.815789474,1.12,Fair
5038,3,5.29,8.29,0.62,8.53,2.94,180,21,8.3,0.36,455,1.020408163,1.3,Very Good/Poor
5056,2.85,5,7.85,0.43,11.63,2.62,191,16,7.8,0.36,456,1.08778626,1.048,Very Good/Poor
5117,2.37,3.43,5.8,1.01,3.4,2.39,144,42,5.8,0.41,453,0.991631799,0.994,Good/Very Good
5160,2.14,1.33,3.47,0.71,1.87,0.62,215,115,3.5,0.62,440,3.451612903,0.76,Fair
5187,0.19,0.77,0.96,0.65,1.18,0.47,164,138,1,0.2,380,0.404255319,-0.32,Poor
5221,0.22,0.4,0.62,0.33,1.21,0.29,138,114,0.6,0.35,373,0.75862069,-0.446,Poor
3125,0.38,1.93,2.31,0.51,3.784313725,1.49,129.5302013,34.22818792,2.3,0.164502165,428,0.255033557,0.54,Fair/Good
3130,0.19,0.61,0.8,0.56,1.089285714,1.07,57.00934579,52.3364486,0.8,0.2375,424,0.177570093,0.47,Poor/Good
3140,0.25,1.34,1.59,0.81,1.654320988,1.37,97.81021898,59.12408759,1.6,0.157232704,426,0.182481752,0.51,Poor/Good
3158,0.05,1.4,0.05,0.26,5.384615385,0.41,341.4634146,63.41463415,0.1,0.034482759,434,0.12195122,0.65,Poor
3164,1.64,2.07,3.71,0.43,4.813953488,1.34,154.4776119,32.08955224,3.7,0.442048518,349,1.223880597,0.88,Fair/Good
3188,0.02,0.3,0.02,0.49,0.612244898,0.23,130.4347826,213.0434783,0.1,0.0625,429,0.086956522,0.56,Poor
3194,0.04,0.02,0.06,0.43,0.046511628,0.35,5.714285714,122.8571429,0.1,0.666666667,430,0.114285714,0.58,Poor
3200,0.02,0.56,0.02,0.33,1.696969697,0.36,155.5555556,91.66666667,0.1,0.034482759,434,0.055555556,0.65,Poor
3206,0.06,1.9,0.06,0.22,8.636363636,0.41,463.4146341,53.65853659,0.1,0.030612245,385,0.146341463,0.23,Poor
3212,0.04,1.5,0.04,0.22,6.818181818,0.44,340.9090909,50,0.1,0.025974026,430,0.090909091,0.58,Poor
3218,1.64,1.58,3.22,0.3,5.266666667,0.86,183.7209302,34.88372093,3.2,0.50931677,342,1.906976744,1,Fair
3218,1.78,1.35,3.13,0.45,3,0.76,177.6315789,59.21052632,3.1,0.568690096,337,2.342105263,1.09,Fair
3224,0.05,0.01,0.06,0.18,0.055555556,0.36,2.777777778,50,0.1,0.833333333,350,0.138888889,0.86,Poor
3230,0.04,0.02,0.06,0.28,0.071428571,0.36,5.555555556,77.77777778,0.1,0.666666667,254,0.111111111,2.59,Poor
3236,0.01,0.02,0.01,0.22,0.090909091,0.33,6.060606061,66.66666667,0.2,0.333333333,454,0.03030303,1.01,Poor
3242,0.04,0.02,0.06,0.26,0.076923077,0.41,4.87804878,63.41463415,0.1,0.666666667,299,0.097560976,1.78,Poor
3248,0.04,0.01,0.04,0.27,0.037037037,0.37,2.702702703,72.97297297,1.2,0.8,299,0.108108108,1.78,Poor
3254,0.02,0.06,0.02,0.23,0.260869565,0.37,16.21621622,62.16216216,1.2,0.25,299,0.054054054,1.78,Poor
3260,0.03,0.01,0.04,0.3,0.033333333,0.39,2.564102564,76.92307692,0.1,0.75,299,0.076923077,1.78,Poor
3266,0.04,0.9,0.04,0.22,4.090909091,1.42,63.38028169,15.49295775,0.1,0.042553191,432,0.028169014,0.62,Poor/Good
3272,0.31,0.9,1.21,2.22,0.405405405,0.43,209.3023256,516.2790698,1.2,0.256198347,428,0.720930233,0.54,Poor
3272,0.07,0.03,0.1,0.13,0.230769231,0.39,7.692307692,33.33333333,0.1,0.7,385,0.179487179,0.23,Poor
3278,0.02,0.04,0.06,0.18,0.222222222,0.38,10.52631579,47.36842105,0.1,0.333333333,316,0.052631579,1.47,Poor
3284,0.04,0.04,0.08,0.04,1,0.4,10,10,0.1,0.5,297,0.1,1.81,Poor
3290,0.02,0.05,0.07,0.33,0.151515152,0.51,9.803921569,64.70588235,0.1,0.285714286,377,0.039215686,0.37,Poor/Fair
3296,0.06,0.18,0.24,0.25,0.72,7.68,2.34375,3.255208333,0.2,0.25,427,0.0078125,0.53,Poor to Fair/Excellent
3302,4.37,33.59,37.96,0.61,55.06557377,7.04,477.1306818,8.664772727,38,0.11512118,429,0.620738636,0.56,Very Good/Excellent
3308,3.91,30.31,34.22,0.44,68.88636364,6.77,447.7104874,6.499261448,34.2,0.114260666,435,0.577548006,0.67,Excellent
3320,3.13,25.29,28.42,0.56,45.16071429,6.28,402.7070064,8.917197452,28.4,0.110133709,33,0.498407643,6.57,Excellent
3326,0.07,0.11,0.18,0.28,0.392857143,0.5,22,56,0.2,0.388888889,427,0.14,0.53,Poor/Fair
3326,0.66,6.14,6.8,0.4,15.35,2.38,257.9831933,16.80672269,6.8,0.097058824,432,0.277310924,0.62,Very Good/Poor
3332,0.05,0.15,0.2,0.23,0.652173913,0.57,26.31578947,40.35087719,0.2,0.25,430,0.087719298,0.58,Poor/Fair
3332,2.33,21.46,23.79,0.6,35.76666667,5.44,394.4852941,11.02941176,23.8,0.097940311,433,0.428308824,0.63,Excellent
3338,0.07,0.09,0.16,0.26,0.346153846,0.4,22.5,65,0.2,0.4375,368,0.175,0.54,Poor
3344,0.09,0.24,0.33,0.45,0.533333333,0.56,42.85714286,80.35714286,0.3,0.272727273,429,0.160714286,0.56,Poor/Fair
3344,0.07,0.25,0.32,0.31,0.806451613,0.66,37.87878788,46.96969697,0.3,0.21875,433,0.106060606,0.63,Poor/Fair
3350,0.08,0.14,0.22,0.28,0.5,0.51,27.45098039,54.90196078,0.2,0.363636364,434,0.156862745,0.65,Poor/Fair
3356,0.06,0.18,0.24,0.19,0.947368421,0.55,32.72727273,34.54545455,0.2,0.25,435,0.109090909,0.67,Poor/Fair
3368,0.03,0.08,0.25,0.12,0.666666667,6,1.333333333,2,0.63,0.272727273,430,0.005,0.57,Poor to Fair/Excellent
3374,0.41,0.51,0.26,1.58,0.32278481,55,0.927272727,2.872727273,0.2,0.445652174,431,0.007454545,0.6,Poor to Fair/Excellent
3374,0.28,0.42,0.46,0.61,0.68852459,41,1.024390244,1.487804878,0.33,0.4,390,0.006829268,0.14,Poor to Fair/Excellent
3380,0.57,0.73,0.3,1.9,0.384210526,79,0.924050633,2.405063291,0.22,0.438461538,390,0.00721519,0.13,Poor to Fair/Excellent
3386,0.44,0.56,0.25,1.76,0.318181818,58,0.965517241,3.034482759,0.21,0.44,391,0.007586207,0.13,Poor to Fair/Excellent
3386,0.17,0.28,0.46,0.43,0.651162791,33,0.848484848,1.303030303,0.35,0.377777778,391,0.005151515,0.12,Poor to Fair/Excellent
3392,0.17,0.27,0.31,0.55,0.490909091,29,0.931034483,1.896551724,0.37,0.386363636,391,0.005862069,0.12,Poor to Fair/Excellent
3398,0.01,0.05,0.17,0.06,0.833333333,8,0.625,0.75,0.8,0.166666667,392,0.00125,0.11,Poor to Fair/Excellent
3398,0.35,0.55,0.43,0.81,0.679012346,52,1.057692308,1.557692308,0.36,0.388888889,392,0.006730769,0.11,Poor to Fair/Excellent
3398,0.18,0.32,0.25,0.72,0.444444444,29,1.103448276,2.482758621,0.44,0.36,392,0.006206897,0.1,Poor to Fair/Excellent
3410,0.11,0.18,0.61,0.13,1.384615385,28,0.642857143,0.464285714,0.39,0.379310345,393,0.003928571,0.09,Poor to Fair/Excellent
3410,0.17,0.25,0.2,0.18,1.388888889,16,1.5625,1.125,0.32,0.404761905,393,0.010625,0.08,Poor to Fair/Excellent
3416,0.08,0.14,0.21,0.85,0.164705882,7,2,12.14285714,0.43,0.363636364,393,0.011428571,0.08,Poor to Fair/Excellent
3422,0.06,0.14,0.18,1.83,0.076502732,28,0.5,6.535714286,0.2,0.3,394,0.002142857,0.07,Poor to Fair/Excellent
3428,0.08,0.13,0.39,0.4,0.325,21,0.619047619,1.904761905,0.38,0.380952381,394,0.003809524,0.07,Poor to Fair/Excellent
3434,0.05,0.09,0.2,0.31,0.290322581,13,0.692307692,2.384615385,0.44,0.357142857,394,0.003846154,0.06,Poor to Fair/Excellent
3440,0.04,0.06,0.16,0.24,0.25,11,0.545454545,2.181818182,0.33,0.4,395,0.003636364,0.06,Poor to Fair/Excellent
3446,0.04,0.07,0.17,0.29,0.24137931,12,0.583333333,2.416666667,0.43,0.363636364,395,0.003333333,0.05,Poor to Fair/Excellent
3452,0.03,0.06,0.14,0.2,0.3,9,0.666666667,2.222222222,0.5,0.333333333,395,0.003333333,0.04,Poor to Fair/Excellent
3458,0.52,0.98,0.15,3.47,0.282420749,93,1.053763441,3.731182796,0.47,0.346666667,396,0.005591398,0.04,Poor to Fair/Excellent
3464,0.01,0.02,0.15,0.1,0.2,7,0.285714286,1.428571429,0.5,0.333333333,396,0.001428571,0.03,Poor to Fair/Excellent
3470,0.17,0.25,0.26,0.71,0.352112676,37,0.675675676,1.918918919,0.32,0.404761905,396,0.004594595,0.03,Poor to Fair/Excellent
3470,0.4,0.49,0.24,3.33,0.147147147,68,0.720588235,4.897058824,0.18,0.449438202,397,0.005882353,0.02,Poor to Fair/Excellent
3476,0.02,0.04,0.08,0.13,0.307692308,6,0.666666667,2.166666667,0.5,0.333333333,397,0.003333333,0.02,Poor to Fair/Excellent
3482,0.06,0.08,0.16,0.38,0.210526316,15,0.533333333,2.533333333,0.25,0.428571429,397,0.004,0.01,Poor to Fair/Excellent
3488,0.06,0.08,0.16,0.46,0.173913043,16,0.5,2.875,0.25,0.428571429,398,0.00375,0,Poor to Fair/Excellent
3494,0.05,0.07,0.13,0.36,0.194444444,13,0.538461538,2.769230769,0.29,0.416666667,398,0.003846154,0,Poor to Fair/Excellent
3497,0.06,0.08,0.14,0.38,0.210526316,14,0.571428571,2.714285714,0.25,0.428571429,398,0.004285714,0.01,Poor to Fair/Excellent
3506,0.07,0.1,0.16,0.35,0.285714286,19,0.526315789,1.842105263,0.3,0.411764706,398,0.003684211,0.01,Poor to Fair/Excellent
3512,0.11,0.15,0.2,0.73,0.205479452,28,0.535714286,2.607142857,0.27,0.423076923,399,0.003928571,0.02,Poor to Fair/Excellent
3518,1.02,1.46,0.15,3.4,0.429411765,128,1.140625,2.65625,0.3,0.411290323,399,0.00796875,0.02,Poor to Fair/Excellent
3518,1.49,1.88,0.3,9.93,0.189325277,157,1.197452229,6.324840764,0.21,0.442136499,399,0.009490446,0.03,Poor to Fair/Excellent
3524,0.79,0.89,0.15,5.27,0.168880455,104,0.855769231,5.067307692,0.11,0.470238095,400,0.007596154,0.04,Poor to Fair/Excellent
3530,0.06,0.09,0.2,0.3,0.3,15,0.6,2,0.33,0.4,400,0.004,0.04,Poor to Fair/Excellent
3536,0.13,0.18,0.23,0.57,0.315789474,33,0.545454545,1.727272727,0.28,0.419354839,400,0.003939394,0.05,Poor to Fair/Excellent
3334,0.04,0.06,0.44,0.09,0.666666667,67,0.089552239,0.134328358,0.33,0.4,401,0.000597015,0.05,Poor to Fair/Excellent
3358,0.05,0.08,0.41,0.12,0.666666667,500,0.016,0.024,0.38,0.384615385,401,0.0001,0.06,Poor to Fair/Excellent
3386,0.05,0.11,0.43,0.12,0.916666667,125,0.088,0.096,0.55,0.3125,401,0.0004,0.06,Poor to Fair/Excellent
3410,0.03,0.06,0.49,0.06,1,17,0.352941176,0.352941176,0.5,0.333333333,402,0.001764706,0.07,Poor to Fair/Excellent
3432,0.01,0.03,0.4,0.02,1.5,25,0.12,0.08,0.67,0.25,402,0.0004,0.08,Poor to Fair/Excellent
3456,0.01,0.02,0.38,0.03,0.666666667,100,0.02,0.03,0.5,0.333333333,402,0.0001,0.08,Poor to Fair/Excellent
3480,0.04,0.08,0.45,0.09,0.888888889,100,0.08,0.09,0.5,0.333333333,403,0.0004,0.09,Poor to Fair/Excellent
3508,0.02,0.04,0.36,0.06,0.666666667,200,0.02,0.03,0.5,0.333333333,403,0.0001,0.09,Poor to Fair/Excellent
3532,0.04,0.07,0.41,0.1,0.7,400,0.0175,0.025,0.43,0.363636364,403,0.0001,0.1,Poor to Fair/Excellent
3557,0.03,0.07,0.38,0.08,0.875,50,0.14,0.16,0.57,0.3,404,0.0006,0.1,Poor to Fair/Excellent
3581,0.04,0.06,0.33,0.12,0.5,400,0.015,0.03,0.33,0.4,404,0.0001,0.11,Poor to Fair/Excellent
3602,0.05,0.11,0.37,0.14,0.785714286,500,0.022,0.028,0.55,0.3125,404,0.0001,0.11,Poor to Fair/Excellent
3627,0.03,0.06,0.34,0.09,0.666666667,150,0.04,0.06,0.5,0.333333333,404,0.0002,0.12,Poor to Fair/Excellent
3651,0.03,0.05,0.28,0.11,0.454545455,300,0.016666667,0.036666667,0.4,0.375,405,0.0001,0.13,Poor to Fair/Excellent
3675,0.04,0.05,0.29,0.14,0.357142857,133,0.037593985,0.105263158,0.2,0.444444444,405,0.000300752,0.13,Poor to Fair/Excellent
3700,0.05,0.08,0.41,0.12,0.666666667,100,0.08,0.12,0.38,0.384615385,405,0.0005,0.14,Poor to Fair/Excellent
3724,0.02,0.05,0.39,0.05,1,100,0.05,0.05,0.33,0.285714286,406,0.0002,0.14,Poor to Fair/Excellent
3745,0.05,0.08,0.56,0.09,0.888888889,42,0.19047619,0.214285714,0.38,0.384615385,406,0.001190476,0.15,Poor to Fair/Excellent
3767,0.08,0.11,0.66,0.12,0.916666667,62,0.177419355,0.193548387,0.33,0.421052632,406,0.001290323,0.15,Poor to Fair/Excellent
3773,0.05,0.08,0.53,0.09,0.888888889,36,0.222222222,0.25,0.5,0.384615385,407,0.001388889,0.16,Poor to Fair/Excellent
3779,0.11,0.14,0.51,0.22,0.636363636,79,0.17721519,0.278481013,0.59,0.44,407,0.001392405,0.17,Poor to Fair/Excellent
3782,0.81,0.84,0.57,1.42,0.591549296,176,0.477272727,0.806818182,0.76,0.490909091,407,0.004602273,0.17,Poor to Fair/Excellent
3785,0.97,1,0.56,1.73,0.578034682,183,0.546448087,0.945355191,0.79,0.492385787,408,0.005300546,0.18,Poor to Fair/Excellent
3788,0.38,0.41,0.55,0.69,0.594202899,158,0.259493671,0.436708861,0.69,0.481012658,408,0.002405063,0.18,Poor to Fair/Excellent
3791,0.5,0.53,0.59,0.85,0.623529412,161,0.329192547,0.527950311,0.7,0.485436893,408,0.00310559,0.19,Poor to Fair/Excellent
3794,0.09,0.12,0.41,0.22,0.545454545,90,0.133333333,0.244444444,0.59,0.428571429,409,0.001,0.19,Poor to Fair/Excellent
3800,0.06,0.09,0.42,0.14,0.642857143,75,0.12,0.186666667,0.4,0.4,409,0.0008,0.2,Poor to Fair/Excellent
3803,0.06,0.09,0.46,0.13,0.692307692,50,0.18,0.26,0.6,0.4,409,0.0012,0.21,Poor to Fair/Excellent
3806,0.11,0.14,0.41,0.27,0.518518519,92,0.152173913,0.293478261,0.48,0.44,409,0.001195652,0.21,Poor to Fair/Excellent
3825,0.07,0.1,0.33,0.21,0.476190476,350,0.028571429,0.06,0.3,0.411764706,410,0.0002,0.22,Poor to Fair/Excellent
3831,0.06,0.14,0.49,0.12,1.166666667,75,0.186666667,0.16,0.57,0.3,410,0.0008,0.22,Poor to Fair/Excellent
3834,0.07,0.09,0.42,0.17,0.529411765,41,0.219512195,0.414634146,0.22,0.4375,410,0.001707317,0.23,Poor to Fair/Excellent
3852,0.04,0.07,0.48,0.08,0.875,67,0.104477612,0.119402985,0.43,0.363636364,411,0.000597015,0.23,Poor to Fair/Excellent
3858,0.06,0.1,0.5,0.12,0.833333333,50,0.2,0.24,0.4,0.375,411,0.0012,0.24,Poor to Fair/Excellent
3864,1.44,5.69,0.59,2.44,2.331967213,158,3.601265823,1.544303797,0.75,0.201963534,411,0.009113924,0.24,Poor to Fair/Excellent
3877,0.05,0.09,0.68,0.07,1.285714286,42,0.214285714,0.166666667,0.44,0.357142857,412,0.001190476,0.25,Poor to Fair/Excellent
3889,0.16,0.25,0.51,0.31,0.806451613,200,0.125,0.155,0.36,0.390243902,412,0.0008,0.26,Poor to Fair/Excellent
3892,0.07,0.21,0.62,0.11,1.909090909,37,0.567567568,0.297297297,0.67,0.25,412,0.001891892,0.26,Poor to Fair/Excellent
3895,0.07,0.11,0.61,0.11,1,41,0.268292683,0.268292683,0.36,0.388888889,413,0.001707317,0.27,Poor to Fair/Excellent
3898,0.09,0.29,0.64,0.14,2.071428571,45,0.644444444,0.311111111,0.69,0.236842105,413,0.002,0.27,Poor to Fair/Excellent
3901,0.09,0.14,0.59,0.15,0.933333333,60,0.233333333,0.25,0.36,0.391304348,413,0.0015,0.28,Poor to Fair/Excellent
3904,0.41,1.01,0.65,0.63,1.603174603,132,0.765151515,0.477272727,0.59,0.288732394,414,0.003106061,0.28,Poor to Fair/Excellent
3913,0.3,0.6,0.7,0.43,1.395348837,143,0.41958042,0.300699301,0.5,0.333333333,414,0.002097902,0.29,Poor to Fair/Excellent
3922,0.29,0.78,0.73,0.4,1.95,85,0.917647059,0.470588235,0.63,0.271028037,414,0.003411765,0.3,Poor to Fair/Excellent
3931,1.18,6.4,0.76,1.55,4.129032258,126,5.079365079,1.23015873,0.82,0.155672823,415,0.009365079,0.3,Poor to Fair/Excellent
3941,0.21,0.58,0.97,0.22,2.636363636,58,1,0.379310345,0.64,0.265822785,415,0.00362069,0.31,Poor to Fair/Excellent
3950,1.2,4.81,0.8,1.5,3.206666667,148,3.25,1.013513514,0.75,0.199667221,415,0.008108108,0.31,Poor to Fair/Excellent
3962,1.24,5.04,0.95,1.31,3.847328244,138,3.652173913,0.949275362,0.75,0.197452229,415,0.008985507,0.32,Poor to Fair/Excellent
3971,7.24,7.79,0.84,8.62,0.903712297,201,3.875621891,4.288557214,0.07,0.48170326,416,0.0360199,0.32,Poor to Fair/Excellent
3980,0.91,2.52,1.16,0.78,3.230769231,118,2.13559322,0.661016949,0.64,0.265306122,416,0.007711864,0.33,Poor to Fair/Excellent
3998,0.83,3.1,1,0.83,3.734939759,115,2.695652174,0.72173913,0.73,0.211195929,416,0.007217391,0.34,Poor to Fair/Excellent
4011,0.33,1.06,0.85,0.39,2.717948718,103,1.029126214,0.378640777,0.69,0.237410072,417,0.003203883,0.34,Poor to Fair/Excellent
4020,0.14,0.5,0.72,0.19,2.631578947,48,1.041666667,0.395833333,0.72,0.21875,417,0.002916667,0.35,Poor to Fair/Excellent
4032,0.36,1.04,0.78,0.46,2.260869565,95,1.094736842,0.484210526,0.65,0.257142857,417,0.003789474,0.35,Poor to Fair/Excellent
4053,1.78,5.32,1.07,1.66,3.204819277,159,3.34591195,1.044025157,0.67,0.250704225,418,0.011194969,0.36,Poor to Fair/Excellent
4062,1.4,3.7,0.89,1.57,2.356687898,173,2.138728324,0.907514451,0.62,0.274509804,418,0.008092486,0.36,Poor to Fair/Excellent
4072,1.54,4.35,0.94,1.64,2.652439024,183,2.37704918,0.896174863,0.65,0.261460102,418,0.008415301,0.37,Poor to Fair/Excellent
4084,1.12,3.4,0.87,1.29,2.635658915,156,2.179487179,0.826923077,0.67,0.247787611,419,0.007179487,0.37,Poor to Fair/Excellent
4093,0.76,2.56,0.97,0.78,3.282051282,143,1.79020979,0.545454545,0.7,0.228915663,419,0.005314685,0.38,Poor to Fair/Excellent
4102,0.58,1.78,0.77,0.75,2.373333333,126,1.412698413,0.595238095,0.67,0.245762712,419,0.004603175,0.39,Poor to Fair/Excellent
4111,0.57,2,0.66,0.86,2.325581395,110,1.818181818,0.781818182,0.71,0.221789883,420,0.005181818,0.39,Poor to Fair/Excellent
4120,0.64,2.09,0.85,0.75,2.786666667,123,1.699186992,0.609756098,0.69,0.234432234,420,0.005203252,0.4,Poor to Fair/Excellent
4130,0.47,1.21,0.86,0.55,2.2,94,1.287234043,0.585106383,0.61,0.279761905,420,0.005,0.4,Poor to Fair/Excellent
4139,0.55,1.55,0.65,0.85,1.823529412,100,1.55,0.85,0.65,0.261904762,420,0.0055,0.41,Poor to Fair/Excellent
4148,0.48,1.33,0.75,0.64,2.078125,87,1.528735632,0.735632184,0.64,0.26519337,421,0.005517241,0.41,Poor to Fair/Excellent
4157,0.45,1.03,0.72,0.62,1.661290323,75,1.373333333,0.826666667,0.56,0.304054054,421,0.006,0.42,Poor to Fair/Excellent
4163,0.71,1.56,0.73,0.97,1.608247423,151,1.033112583,0.642384106,0.54,0.31277533,421,0.004701987,0.43,Poor to Fair/Excellent
4169,0.6,1.54,0.76,0.79,1.949367089,130,1.184615385,0.607692308,0.61,0.280373832,422,0.004615385,0.43,Poor to Fair/Excellent
4175,0.52,1.56,0.62,0.84,1.857142857,133,1.172932331,0.631578947,0.67,0.25,422,0.003909774,0.44,Poor to Fair/Excellent
4181,0.62,1.85,0.83,0.75,2.466666667,83,2.228915663,0.903614458,0.66,0.251012146,422,0.00746988,0.44,Poor to Fair/Excellent
4184,0.3,1.01,0.65,0.46,2.195652174,70,1.442857143,0.657142857,0.7,0.229007634,423,0.004285714,0.45,Poor to Fair/Excellent
4191,4.47,8.59,0.68,6.57,1.307458143,105,8.180952381,6.257142857,0.48,0.342266462,423,0.042571429,0.45,Poor to Fair/Excellent
4192,8.54,12.98,0.92,9.28,1.398706897,130,9.984615385,7.138461538,0.34,0.396840149,423,0.065692308,0.46,Poor to Fair/Excellent
4194,13.44,18.12,0.86,15.63,1.159309021,182,9.956043956,8.587912088,0.26,0.425855513,424,0.073846154,0.47,Poor to Fair/Excellent
4197,9.46,14.86,0.73,12.96,1.146604938,178,8.348314607,7.280898876,0.36,0.388980263,424,0.053146067,0.47,Poor to Fair/Excellent
4200,5.93,10.32,0.96,6.18,1.669902913,141,7.319148936,4.382978723,0.43,0.364923077,424,0.042056738,0.48,Poor to Fair/Excellent
4206,6.42,10.93,1.31,4.9,2.230612245,118,9.262711864,4.152542373,0.41,0.370028818,425,0.05440678,0.48,Poor to Fair/Excellent
4218,3.95,7.1,1.62,2.44,2.909836066,92,7.717391304,2.652173913,0.44,0.357466063,425,0.042934783,0.49,Poor to Fair/Excellent
4236,3.46,6.38,1.54,2.25,2.835555556,91,7.010989011,2.472527473,0.46,0.351626016,425,0.038021978,0.49,Poor to Fair/Excellent
4250,4.48,7.62,1.44,3.11,2.450160772,102,7.470588235,3.049019608,0.41,0.370247934,426,0.043921569,0.5,Poor to Fair/Excellent
4267,4.55,7.83,1.52,2.99,2.618729097,113,6.92920354,2.646017699,0.42,0.367528271,426,0.040265487,0.5,Poor to Fair/Excellent
4276,1.5,3.33,1.54,0.97,3.432989691,54,6.166666667,1.796296296,0.55,0.310559006,426,0.027777778,0.51,Poor to Fair/Excellent
4282,3.2,5.7,1.03,3.11,1.832797428,143,3.986013986,2.174825175,0.44,0.359550562,426,0.022377622,0.52,Poor to Fair/Excellent
4288,3.42,6,1.15,2.97,2.02020202,116,5.172413793,2.560344828,0.43,0.363057325,427,0.029482759,0.52,Poor to Fair/Excellent
4294,3.33,5.78,1.18,2.82,2.04964539,111,5.207207207,2.540540541,0.42,0.365532382,427,0.03,0.53,Poor to Fair/Excellent
4300,2.76,5.09,1.21,2.28,2.23245614,95,5.357894737,2.4,0.46,0.351592357,427,0.029052632,0.53,Poor to Fair/Excellent
4340,2.35,3.62,0.06,39.17,0.092417667,87,4.16091954,45.02298851,0.35,0.393634841,428,0.027011494,0.54,Poor to Fair/Excellent
4341,0.56,1.76,0.03,18.6,0.094623656,151,1.165562914,12.31788079,0.68,0.24137931,428,0.003708609,0.55,Poor to Fair/Excellent
4341,0.63,2.31,0.04,15.75,0.146666667,73,3.164383562,21.57534247,0.73,0.214285714,429,0.008630137,0.56,Poor to Fair/Excellent
4355,0.98,2.55,0.06,16.33,0.156154317,100,2.55,16.33,0.62,0.277620397,429,0.0098,0.56,Poor to Fair/Excellent
4356,0.88,2.85,0.04,22,0.129545455,106,2.688679245,20.75471698,0.69,0.235924933,429,0.008301887,0.57,Poor to Fair/Excellent
4358,3.17,11.45,1.36,2.33,4.91416309,96,11.92708333,2.427083333,0.72,0.216826265,430,0.033020833,0.57,Poor to Fair/Excellent
4373,5.48,11.69,1.07,5.12,2.283203125,145,8.062068966,3.531034483,0.53,0.319161328,430,0.037793103,0.58,Poor to Fair/Excellent
4386,9.1,13.8,1.02,8.92,1.547085202,103,13.39805825,8.660194175,0.34,0.397379913,430,0.088349515,0.58,Poor to Fair/Excellent
4395,4.32,9.38,1.09,3.96,2.368686869,115,8.156521739,3.443478261,0.54,0.315328467,431,0.037565217,0.59,Poor to Fair/Excellent
4425,33.57,43.66,4.58,7.33,5.956343793,159,27.4591195,4.610062893,0.23,0.434675644,431,0.211132075,0.6,Good/Excellent
4462,2.21,5.71,0.9,2.46,2.321138211,87,6.563218391,2.827586207,0.61,0.279040404,431,0.025402299,0.6,Poor to Fair/Excellent
4486,0.35,3.27,1.3,0.27,12.11111111,36,9.083333333,0.75,0.89,0.096685083,431,0.009722222,0.61,Poor to Fair/Excellent
4511,3.25,8.03,0.84,3.87,2.074935401,100,8.03,3.87,0.6,0.288120567,432,0.0325,0.61,Poor to Fair/Excellent
4517,0.05,0.21,0.02,2.5,0.084,100,0.21,2.5,0.76,0.192307692,432,0.0005,0.62,Poor to Fair/Excellent
4523,0.12,0.48,0.07,1.71,0.280701754,92,0.52173913,1.858695652,0.75,0.2,432,0.001304348,0.62,Poor to Fair/Excellent
4526,0.04,0.26,0.03,1.33,0.195488722,44,0.590909091,3.022727273,0.85,0.133333333,428,0.000909091,0.54,Poor to Fair/Excellent
4535,0.18,0.56,0.37,0.49,1.142857143,47,1.191489362,1.042553191,0.68,0.243243243,424,0.003829787,0.47,Poor to Fair/Excellent
4538,0.05,0.18,0.4,0.13,1.384615385,22,0.818181818,0.590909091,0.72,0.217391304,426,0.002272727,0.51,Poor to Fair/Excellent
4544,0.2,0.52,0.72,0.28,1.857142857,56,0.928571429,0.5,0.62,0.277777778,434,0.003571429,0.65,Poor to Fair/Excellent
4550,0.06,0.15,0.17,0.35,0.428571429,50,0.3,0.7,0.6,0.285714286,349,0.0012,0.88,Poor to Fair/Excellent
4562,0.02,0.06,0.12,0.17,0.352941176,18,0.333333333,0.944444444,0.67,0.25,429,0.001111111,0.56,Poor to Fair/Excellent
4575,0.02,0.06,0.1,0.2,0.3,18,0.333333333,1.111111111,0.67,0.25,430,0.001111111,0.58,Poor to Fair/Excellent
4587,0.03,0.08,0.09,0.33,0.242424242,27,0.296296296,1.222222222,0.63,0.272727273,434,0.001111111,0.65,Poor to Fair/Excellent
4599,0.06,0.14,0.19,0.32,0.4375,43,0.325581395,0.744186047,0.57,0.3,385,0.001395349,0.23,Poor to Fair/Excellent
4611,0.01,0.07,0.07,0.14,0.5,8,0.875,1.75,0.86,0.125,430,0.00125,0.58,Poor to Fair/Excellent
4623,0.08,0.27,0.13,0.62,0.435483871,40,0.675,1.55,0.7,0.228571429,342,0.002,1,Poor to Fair/Excellent
4636,0.04,0.08,0.2,0.2,0.4,44,0.181818182,0.454545455,0.5,0.333333333,337,0.000909091,1.09,Poor to Fair/Excellent
4648,0.03,0.06,0.03,1,0.06,75,0.08,1.333333333,0.5,0.333333333,350,0.0004,0.86,Poor to Fair/Excellent
4672,0.08,0.16,0.13,0.62,0.258064516,57,0.280701754,1.087719298,0.5,0.333333333,254,0.001403509,2.59,Poor to Fair/Excellent
4684,0.32,0.55,0.23,1.39,0.395683453,145,0.379310345,0.95862069,0.42,0.367816092,454,0.002206897,1.01,Poor to Fair/Excellent
4696,0.07,0.13,0.14,0.5,0.26,50,0.26,1,0.46,0.35,299,0.0014,1.78,Poor to Fair/Excellent
4709,0.03,0.08,0.05,0.6,0.133333333,38,0.210526316,1.578947368,0.63,0.272727273,299,0.000789474,1.78,Poor to Fair/Excellent
4721,0.15,0.22,0.43,0.35,0.628571429,56,0.392857143,0.625,0.32,0.405405405,299,0.002678571,1.78,Poor to Fair/Excellent
4776,0.06,0.08,0.07,0.86,0.093023256,86,0.093023256,1,0.25,0.428571429,299,0.000697674,1.78,Poor to Fair/Excellent
4806,0.04,0.07,0.09,0.44,0.159090909,133,0.052631579,0.330827068,0.43,0.363636364,432,0.000300752,0.62,Poor to Fair/Excellent
4818,0.23,0.37,0.31,0.74,0.5,92,0.402173913,0.804347826,0.38,0.383333333,428,0.0025,0.54,Poor to Fair/Excellent
4837,0.29,0.41,0.25,1.16,0.353448276,171,0.239766082,0.678362573,0.29,0.414285714,385,0.001695906,0.23,Poor to Fair/Excellent
