,0,1,2,3,4,5,6,7,8,9,10,11,12,13
0,5002.0,28.31,10.09,38.4,1.32,7.64,2.94,343.0,45.0,38.4,0.74,437.0,9.629251701,1.69
1,2127.0,0.2,8.5,8.7,0.37,22.97,1.58,537.63,23.4,8.7,0.02,420.0,0.127,0.4
2,3000.0,0.08,1.33,1.41,0.34,3.911764706,0.56,238.35,60.93,0.06,1.41,431.0,0.14300000000000002,0.6
3,4696.0,20.3,10.16,30.46,1.72,5.91,2.18,466.0,79.0,30.5,0.67,431.0,9.311926606,0.598
4,3045.0,0.08,0.78,0.86,0.6,1.3,0.64,121.31,93.31,0.86,0.09,434.0,0.125,0.65
5,2742.0,0.1,1.27,1.37,0.56,2.27,0.51,248.53,109.59,1.37,0.07,428.0,0.196,0.54
6,3858.0,0.06,0.1,0.5,0.12,0.833333333,50.0,0.2,0.24,0.4,0.375,411.0,0.0012,0.24
7,2034.0,0.13,5.43,5.56,0.44,12.34090909,1.6,340.44,27.59,0.02,5.56,423.0,0.081,0.45
8,4163.0,0.71,1.56,0.73,0.97,1.6082474230000001,151.0,1.0331125829999999,0.6423841060000001,0.54,0.31277533,421.0,0.004701987,0.43
9,1673.0,0.2,13.06,13.26,0.67,19.5,3.46,377.79,19.38,13.26,0.02,422.0,0.057999999999999996,0.44
10,4822.0,30.87,9.36,40.23,1.28,7.31,3.41,274.0,38.0,40.2,0.77,430.0,9.052785924,1.11
11,3803.0,0.06,0.09,0.46,0.13,0.692307692,50.0,0.18,0.26,0.6,0.4,409.0,0.0012,0.21
12,1968.0,0.14,6.02,6.16,0.77,7.818701299,1.45,414.34,52.99,0.02,6.16,422.0,0.09699999999999999,0.44
13,2586.0,0.11,1.09,1.2,0.43,2.534883721,0.53,207.62,81.9,0.09,1.2,424.0,0.20800000000000002,0.47
14,2811.0,0.09,1.96,2.05,0.34,5.76,0.71,277.62,48.16,2.05,0.04,430.0,0.127,0.58
15,3278.0,0.02,0.04,0.06,0.18,0.222222222,0.38,10.52631579,47.36842105,0.1,0.333333333,316.0,0.052631579000000005,1.47
16,2685.0,0.12,1.41,1.53,0.47,3.0215053760000004,0.59,236.73,78.35,0.08,1.53,428.5,0.203,0.55
17,2943.0,0.08,1.16,1.24,0.36,3.222222222,0.51,228.8,71.01,0.06,1.24,431.0,0.157,0.6
18,1845.0,0.23,19.52,19.75,0.6,32.53733333,4.04,483.23,14.85,0.01,19.75,417.0,0.057,0.35
19,5068.0,30.72,6.15,36.87,0.83,7.41,1.8,342.0,46.0,36.9,0.83,433.0,17.06666667,0.634
20,1790.0,0.23,16.64,16.87,0.64,26.0,3.94,422.73,16.26,16.87,0.01,417.0,0.057999999999999996,0.35
21,5014.0,28.86,7.19,36.05,1.01,7.12,1.59,452.0,64.0,36.0,0.8,433.0,18.1509434,0.634
22,3651.0,0.02,0.03,0.05,0.28,0.11,0.01,300.0,2800.0,0.1,0.4,328.0,2.0,-1.256
23,4192.0,8.54,12.98,0.92,9.28,1.3987068969999998,130.0,9.984615385,7.138461538,0.34,0.396840149,423.0,0.065692308,0.46
24,3710.0,0.24,4.21,4.45,0.75,5.61,1.35,311.85,55.56,4.45,0.05,433.0,0.17777778100000002,0.63
25,2712.0,0.1,1.62,1.72,0.44,3.6818181819999998,0.68,238.24,64.71,0.06,1.72,429.0,0.147,0.56
26,3003.0,0.08,2.08,2.16,0.31,6.709677419,0.89,234.5,34.95,0.04,2.16,431.0,0.09,0.6
27,1730.0,0.22,15.25,15.47,0.73,20.89534247,3.87,394.66,18.89,0.01,15.47,421.0,0.057,0.42
28,3767.0,0.03,0.08,0.11,0.66,0.12,0.13,62.0,508.0,0.1,0.33,415.0,0.23076923100000002,0.31
29,4666.0,18.73,7.92,26.65,1.58,5.01,1.77,447.0,89.0,26.6,0.7,436.0,10.5819209,0.688
30,1980.0,0.15,5.94,6.09,0.44,13.50477273,1.58,376.56,27.88,0.02,6.09,417.0,0.095,0.35
31,4062.0,2.3,1.4,3.7,0.89,1.57,0.81,173.0,110.0,3.7,0.62,416.0,2.839506173,0.32799999999999996
32,2730.0,0.12,1.59,1.71,0.62,2.56,0.65,245.75,95.83,1.71,0.07,428.0,0.185,0.54
33,4200.0,5.93,10.32,0.96,6.18,1.669902913,141.0,7.319148936,4.382978723,0.43,0.36492307700000004,424.0,0.042056737999999996,0.48
34,2724.0,0.15,2.43,2.58,0.63,3.857142857,0.93,261.85,67.89,0.06,2.58,428.0,0.161,0.54
35,1920.0,0.16,9.45,9.61,0.44,21.47,1.78,530.2,24.69,9.61,0.02,416.0,0.09,0.33
36,1878.0,0.13,4.41,4.54,0.48,9.18,1.44,307.09,33.45,4.54,0.03,419.0,0.09,0.38
37,3344.0,0.09,0.24,0.33,0.45,0.53,0.56,43.0,80.0,0.3,0.27,429.0,0.16071428599999998,0.562
38,3750.0,0.33,1.82,2.15,0.46,3.96,0.82,221.14,55.89,2.15,0.15,438.0,0.400171726,0.72
39,2679.0,0.12,1.27,1.39,0.34,3.735294118,0.53,238.72,63.91,0.09,1.39,429.0,0.226,0.56
40,4032.0,0.36,1.04,0.78,0.46,2.260869565,95.0,1.094736842,0.48421052600000003,0.65,0.257142857,417.0,0.003789474,0.35
41,2718.0,0.1,2.37,2.47,0.23,10.3,1.1,216.04,20.97,2.47,0.04,430.0,0.091,0.58
42,1710.0,0.14,15.73,15.87,0.85,18.51,4.07,386.96,20.91,15.87,0.01,421.0,0.034,0.42
43,1884.0,0.14,7.46,7.6,0.51,14.62980392,1.64,453.84,31.02,0.02,7.6,419.0,0.085,0.38
44,4084.0,1.12,3.4,0.87,1.29,2.635658915,156.0,2.179487179,0.826923077,0.67,0.24778761100000002,419.0,0.007179486999999999,0.37
45,2115.0,0.11,8.9,9.01,0.39,22.82051282,1.71,521.69,22.86,0.01,9.01,418.0,0.064,0.36
46,4537.0,17.97,4.77,22.74,1.15,4.15,1.3,367.0,88.0,22.7,0.79,437.0,13.82307692,0.706
47,1929.0,0.18,11.79,11.97,0.54,21.83055556,2.19,538.78,24.68,0.02,11.97,418.0,0.08199999999999999,0.36
48,2712.0,0.1,1.62,1.72,0.44,3.68,0.68,238.24,64.71,1.72,0.06,429.0,0.147,0.56
49,2955.0,0.1,1.6,1.7,0.35,4.57,0.63,255.18,55.82,1.7,0.06,429.0,0.159,0.56
50,5086.0,37.49,6.21,43.7,0.98,6.34,2.1,296.0,47.0,43.7,0.86,431.0,17.85238095,0.598
51,1833.0,0.15,11.55,11.7,0.7,16.5,2.77,416.37,25.23,0.01,11.7,422.0,0.054000000000000006,0.44
52,2985.0,0.09,1.45,1.54,0.89,1.63,0.86,169.39,103.97,1.54,0.06,433.0,0.105,0.63
53,4576.0,23.69,7.43,31.12,1.51,4.92,2.12,350.0,71.0,31.1,0.76,438.0,11.1745283,0.7240000000000001
54,4600.0,18.07,6.8,24.87,1.3,5.23,1.94,351.0,67.0,24.9,0.73,441.0,9.31443299,1.36
55,1914.0,0.14,6.39,6.53,0.42,15.225,1.74,367.5,24.14,0.02,6.53,420.0,0.08,0.4
56,3344.0,0.09,0.24,0.33,0.45,0.533333333,0.56,42.85714286,80.35714286,0.3,0.272727273,429.0,0.16071428599999998,0.56
57,3971.0,7.24,7.79,0.84,8.62,0.903712297,201.0,3.875621891,4.288557214,0.07,0.48170326,416.0,0.0360199,0.32
58,3557.0,0.04,0.03,0.07,0.38,0.08,0.06,50.0,633.0,0.1,0.57,323.0,0.666666667,-1.3459999999999999
59,2013.0,0.14,5.17,5.31,0.42,12.31,1.65,312.58,25.39,5.31,0.03,421.0,0.085,0.42
60,4818.0,0.23,0.37,0.31,0.74,0.5,92.0,0.402173913,0.804347826,0.38,0.38333333299999994,428.0,0.0025,0.54
61,4672.0,0.08,0.08,0.16,0.13,0.62,0.14,57.0,93.0,0.2,0.5,300.0,0.571428571,-1.76
62,4450.0,33.15,12.14,45.29,1.33,9.13,2.15,565.0,62.0,45.3,0.73,441.0,15.41860465,0.778
63,2991.0,0.08,1.21,1.29,0.44,2.75,0.63,192.37,69.95,1.29,0.06,433.0,0.127,0.63
64,1815.0,0.28,17.85,18.13,0.53,33.6754717,3.88,459.76,13.65,0.02,18.13,421.0,0.07200000000000001,0.42
65,4282.0,2.5,3.2,5.7,1.03,3.11,2.24,143.0,46.0,5.7,0.44,453.0,1.116071429,0.9940000000000001
66,2883.0,0.1,2.1,2.2,0.53,3.96,0.94,223.64,56.44,2.2,0.05,432.0,0.106,0.62
67,2013.0,0.14,5.17,5.31,0.42,12.30952381,1.65,312.58,25.39,0.03,5.31,421.0,0.085,0.42
68,1944.0,0.18,12.42,12.6,0.59,21.05694915,2.27,547.54,26.0,0.01,12.6,418.0,0.079,0.36
69,2037.0,0.13,5.31,5.44,0.59,9.0,1.84,289.37,32.15,5.44,0.02,425.0,0.071,0.49
70,2103.0,0.12,16.58,16.7,0.37,44.81,2.47,672.07,15.0,16.7,0.01,418.0,0.049,0.36
71,3012.0,0.06,1.08,1.14,0.34,3.18,0.52,206.9,65.13,1.14,0.05,431.0,0.115,0.6
72,3380.0,0.57,0.73,0.3,1.9,0.384210526,79.0,0.924050633,2.405063291,0.22,0.438461538,390.0,0.00721519,0.13
73,1790.0,0.23,16.64,16.87,0.64,26.004375,3.94,422.73,16.26,0.01,16.87,417.0,0.057999999999999996,0.35
74,1680.0,0.21,14.99,15.2,0.63,23.79,3.38,443.75,18.65,15.2,0.01,419.0,0.062,0.38
75,4396.0,29.75,14.61,44.36,1.71,8.54,2.52,580.0,68.0,44.4,0.67,443.0,11.80555556,0.8140000000000001
76,3470.0,0.09,0.4,0.49,0.24,3.33,0.59,68.0,20.0,0.5,0.18,435.0,0.152542373,0.67
77,1887.0,0.18,6.43,6.61,0.5,12.86,1.63,393.56,30.6,6.61,0.03,417.0,0.11,0.35
78,3272.0,0.31,0.9,1.21,2.22,0.41,0.43,63.0,156.0,1.2,0.26,428.0,0.7209302329999999,0.544
79,3140.0,0.25,1.34,1.59,0.81,1.654320988,1.37,97.81021898,59.12408759,1.6,0.157232704,426.0,0.182481752,0.51
80,3770.0,0.29,1.83,2.12,0.85,2.15,0.87,209.62,97.37,2.12,0.14,433.0,0.331524818,0.63
81,4236.0,2.92,3.46,6.38,1.54,2.25,3.82,91.0,40.0,6.4,0.46,444.0,0.7643979059999999,0.82
82,3326.0,0.66,6.14,6.8,0.4,15.35,2.38,258.0,17.0,6.8,0.1,432.0,0.27731092399999996,0.616
83,3434.0,0.04,0.05,0.09,0.2,0.31,0.38,13.0,42.0,0.1,0.44,356.0,0.10526315800000001,-0.752
84,3012.0,0.06,1.08,1.14,0.34,3.176470588,0.52,206.9,65.13,0.05,1.14,431.0,0.115,0.6
85,3904.0,0.6,0.41,1.01,0.65,0.63,0.31,132.0,210.0,1.0,0.59,417.0,1.935483871,0.34600000000000003
86,4642.0,21.81,8.98,30.79,1.51,5.95,1.92,468.0,79.0,30.8,0.71,439.0,11.359375,0.742
87,2934.0,0.09,1.7,1.79,0.29,5.862068966,0.68,248.9,42.46,0.05,1.79,431.0,0.132,0.6
88,1962.0,0.21,13.89,14.1,0.48,28.93,2.2,632.01,21.85,14.1,0.01,413.0,0.095,0.27
89,3581.0,0.02,0.04,0.06,0.33,0.12,0.01,400.0,3300.0,0.1,0.33,323.0,2.0,-1.3459999999999999
90,3773.0,0.05,0.08,0.53,0.09,0.8888888890000001,36.0,0.222222222,0.25,0.5,0.384615385,407.0,0.001388889,0.16
91,1983.0,0.17,9.22,9.39,0.62,14.87419355,2.21,418.04,28.11,0.02,9.39,417.0,0.077,0.35
92,2148.0,0.18,6.43,6.61,0.32,20.09375,1.36,472.1,23.49,0.03,6.61,418.0,0.132,0.36
93,3898.0,0.2,0.09,0.29,0.64,0.14,0.2,45.0,320.0,0.3,0.69,381.0,1.0,-0.302
94,3380.0,0.16,0.57,0.73,0.3,1.9,0.72,79.0,42.0,0.7,0.22,436.0,0.222222222,0.688
95,2103.0,0.12,16.58,16.7,0.37,44.81081081,2.47,672.07,15.0,0.01,16.7,418.0,0.049,0.36
96,2151.0,0.18,6.04,6.22,0.36,16.77777778,1.35,448.4,26.73,0.03,6.22,418.0,0.133,0.36
97,2850.0,1.56,5.22,6.78,0.57,9.16,1.68,310.34,33.89,6.78,0.23,434.0,0.928599705,0.65
98,2040.0,0.11,4.0,4.11,0.5,8.0,1.42,280.9,35.11,0.03,4.11,424.0,0.077,0.47
99,3452.0,0.03,0.03,0.06,0.14,0.2,0.32,9.0,47.0,0.1,0.5,357.0,0.09375,-0.7340000000000001
100,2031.0,0.13,5.91,6.04,0.46,12.84782609,1.58,373.58,29.08,0.02,6.04,426.0,0.08199999999999999,0.51
101,2871.0,0.11,1.4,1.51,0.47,2.98,0.76,184.21,61.84,1.51,0.07,433.0,0.145,0.63
102,4623.0,0.08,0.27,0.13,0.62,0.435483871,40.0,0.675,1.55,0.7,0.228571429,342.0,0.002,1.0
103,3980.0,0.91,2.52,1.16,0.78,3.230769231,118.0,2.13559322,0.661016949,0.64,0.265306122,416.0,0.0077118640000000006,0.33
104,4111.0,0.57,2.0,0.66,0.86,2.325581395,110.0,1.8181818180000002,0.7818181820000001,0.71,0.22178988300000002,420.0,0.0051818179999999995,0.39
105,3416.0,0.06,0.08,0.14,0.21,0.85,0.38,7.0,55.0,0.1,0.43,390.0,0.15789473699999998,-0.14
106,3446.0,0.03,0.04,0.07,0.17,0.29,0.34,12.0,41.0,0.1,0.43,425.0,0.088235294,0.49
107,2046.0,0.1,3.1,3.2,0.46,6.739130435,1.13,274.58,40.74,0.03,3.2,423.0,0.08800000000000001,0.45
108,1780.0,0.17,8.04,8.21,0.54,14.89037037,2.63,306.2,20.56,0.02,8.21,425.0,0.065,0.49
109,4588.0,19.14,8.15,27.29,1.48,5.51,1.8,453.0,82.0,27.7,0.7,443.0,10.63333333,0.8140000000000001
110,1890.0,0.2,6.94,7.14,0.58,11.96,1.79,388.18,32.46,0.03,7.14,418.0,0.11199999999999999,0.36
111,1887.0,0.18,6.43,6.61,0.5,12.8616,1.63,393.56,30.6,0.03,6.61,417.0,0.11,0.35
112,2736.0,0.14,2.52,2.66,0.49,5.14,0.92,274.21,53.32,2.66,0.05,426.0,0.152,0.51
113,2961.0,0.1,1.81,1.91,0.31,5.838709677000001,0.72,253.15,43.36,0.05,1.91,432.0,0.139,0.62
114,3602.0,0.05,0.11,0.37,0.14,0.7857142859999999,500.0,0.022000000000000002,0.027999999999999997,0.55,0.3125,404.0,0.0001,0.11
115,3392.0,0.1,0.17,0.27,0.31,0.55,0.59,29.0,53.0,0.3,0.37,431.0,0.169491525,0.598
116,4776.0,0.02,0.06,0.08,0.07,0.86,0.07,86.0,100.0,0.1,0.25,385.0,0.28571428600000004,-0.23
117,3410.0,0.03,0.06,0.49,0.06,1.0,17.0,0.352941176,0.352941176,0.5,0.333333333,402.0,0.001764706,0.07
118,3021.0,0.08,1.82,1.9,0.49,3.714285714,0.88,207.76,55.94,0.04,1.9,431.0,0.091,0.6
119,3791.0,0.03,0.5,0.53,0.59,0.85,0.31,161.0,190.0,1.7,0.7,414.0,0.09677419400000001,0.292
120,3724.0,0.02,0.05,0.39,0.05,1.0,100.0,0.05,0.05,0.33,0.28571428600000004,406.0,0.0002,0.14
121,4523.0,0.12,0.48,0.07,1.71,0.28070175399999997,92.0,0.52173913,1.858695652,0.75,0.2,432.0,0.001304348,0.62
122,3018.0,0.08,1.69,1.77,0.4,4.225,0.79,213.38,50.51,0.05,1.77,430.0,0.10099999999999999,0.58
123,4925.0,0.01,0.05,0.06,0.04,1.25,0.04,125.0,100.0,0.1,0.17,376.0,0.25,-0.392
124,3242.0,0.04,0.02,0.06,0.26,0.076923077,0.41,4.87804878,63.41463415,0.1,0.666666667,299.0,0.097560976,1.78
125,4672.0,0.08,0.16,0.13,0.62,0.258064516,57.0,0.28070175399999997,1.087719298,0.5,0.333333333,254.0,0.001403509,2.59
126,3725.0,0.1,1.96,2.06,0.57,3.44,0.93,211.43,61.49,2.06,0.05,436.0,0.113227436,0.69
127,1989.0,0.12,5.66,5.78,0.37,15.28,1.63,346.3,22.66,5.78,0.02,416.0,0.07400000000000001,0.33
128,4612.0,18.07,7.05,25.12,1.37,5.15,1.76,401.0,78.0,25.1,0.72,441.0,10.26704545,0.778
129,2811.0,0.09,1.49,1.58,0.37,4.03,0.62,242.28,60.16,1.58,0.06,431.5,0.145,0.61
130,4192.0,4.44,8.54,12.98,0.92,9.28,6.58,130.0,14.0,13.0,0.34,446.0,0.6747720359999999,0.868
131,1806.0,0.4,33.64,34.04,0.71,47.38647887,6.27,536.34,11.32,0.01,34.04,418.0,0.064,0.36
132,1700.0,0.19,14.36,14.55,0.65,22.09415385,3.91,367.58,16.64,0.01,14.55,422.0,0.049,0.44
133,5187.0,0.19,0.77,0.96,0.65,1.18,0.47,164.0,138.0,1.0,0.2,380.0,0.404255319,-0.32
134,1986.0,0.16,6.79,6.95,0.75,9.05,1.74,389.78,43.05,6.95,0.02,423.0,0.092,0.45
135,4702.0,16.23,9.7,25.93,1.61,6.02,1.84,527.0,88.0,25.9,0.63,429.0,8.820652174,0.562
136,3895.0,0.04,0.07,0.11,0.61,0.11,0.17,41.0,359.0,0.1,0.36,412.0,0.235294118,0.256
137,4486.0,0.35,3.27,1.3,0.27,12.11111111,36.0,9.083333332999999,0.75,0.89,0.096685083,431.0,0.009722221999999999,0.61
138,3800.0,0.13,2.11,2.24,0.43,4.91,1.14,185.41,37.79,2.24,0.06,439.0,0.1142355,0.74
139,1884.0,0.14,7.46,7.6,0.51,14.63,1.64,453.84,31.02,7.6,0.02,419.0,0.085,0.38
140,3332.0,0.05,0.15,0.2,0.23,0.65,0.57,26.0,40.0,0.2,0.25,430.0,0.087719298,0.58
141,4708.0,17.47,9.55,27.02,2.2,4.34,1.94,492.0,113.0,27.0,0.65,431.0,9.005154639,0.598
142,3941.0,0.37,0.21,0.58,0.97,0.22,0.36,58.0,269.0,0.6,0.64,421.0,1.027777778,0.418
143,2721.0,0.11,2.38,2.49,0.59,4.03,0.98,242.61,60.14,2.49,0.04,428.0,0.11199999999999999,0.54
144,3356.0,0.06,0.18,0.24,0.19,0.95,0.55,33.0,35.0,0.2,0.25,435.0,0.109090909,0.67
145,1760.0,0.16,9.95,10.11,0.57,17.4477193,2.6,382.65,21.93,0.02,10.11,423.0,0.062,0.45
146,1965.0,0.19,12.64,12.83,0.49,25.8,2.07,610.39,23.66,12.83,0.01,415.0,0.092,0.31
147,1827.0,0.2,10.65,10.85,0.5,21.3072,2.74,388.25,18.22,0.02,10.85,422.0,0.073,0.44
148,3009.0,0.07,1.45,1.52,0.38,3.82,0.67,218.05,57.14,1.52,0.05,430.0,0.10400000000000001,0.58
149,1881.0,0.15,12.34,12.49,0.7,17.63,2.32,530.98,30.12,12.49,0.01,418.0,0.065,0.36
150,4139.0,0.55,1.55,0.65,0.85,1.8235294119999998,100.0,1.55,0.85,0.65,0.261904762,420.0,0.0055,0.41
151,3530.0,0.06,0.09,0.2,0.3,0.3,15.0,0.6,2.0,0.33,0.4,400.0,0.004,0.04
152,4562.0,0.02,0.06,0.12,0.17,0.352941176,18.0,0.333333333,0.944444444,0.67,0.25,429.0,0.0011111110000000001,0.56
153,3344.0,0.07,0.25,0.32,0.31,0.81,0.66,38.0,47.0,0.3,0.22,433.0,0.106060606,0.634
154,2883.0,0.09,1.61,1.69,0.86,1.88,0.87,185.33,98.73,1.69,0.05,433.0,0.10300000000000001,0.63
155,3410.0,0.11,0.18,0.61,0.13,1.384615385,28.0,0.642857143,0.46428571399999996,0.39,0.379310345,393.0,0.003928571,0.09
156,3302.0,4.37,33.59,37.96,0.61,55.07,7.04,437.0,8.0,38.0,0.12,429.0,0.620738636,0.562
157,1827.0,0.2,10.65,10.85,0.5,21.31,2.74,388.25,18.22,10.85,0.02,422.0,0.073,0.44
158,1929.0,0.18,11.79,11.97,0.54,21.83,2.19,538.78,24.68,11.97,0.02,418.0,0.08199999999999999,0.36
159,2043.0,0.13,3.76,3.89,0.41,9.170731707,1.38,273.06,29.77,0.03,3.89,423.0,0.094,0.45
160,4978.0,46.34,11.18,57.52,1.44,7.76,5.56,201.0,26.0,57.5,0.81,434.0,8.334532374,1.47
161,4636.0,22.64,8.45,31.09,1.66,5.09,1.82,464.0,91.0,31.1,0.73,440.0,12.43956044,0.76
162,3518.0,0.44,1.02,1.46,0.15,3.4,0.8,128.0,38.0,1.5,0.3,428.0,0.55,0.544
163,2100.0,0.14,13.06,13.2,0.36,36.28,2.12,617.2,17.01,13.2,0.01,417.0,0.066,0.35
164,1700.0,0.19,14.36,14.55,0.65,22.09,3.91,367.58,16.64,14.55,0.01,422.0,0.049,0.44
165,3290.0,0.02,0.05,0.07,0.33,0.151515152,0.51,9.803921569,64.70588235,0.1,0.28571428600000004,377.0,0.039215686,0.37
166,4930.0,36.59,10.74,47.33,1.59,6.75,4.65,231.0,34.0,47.3,0.77,435.0,7.868817204,0.67
167,2814.0,0.08,1.02,1.1,0.4,2.55,0.52,194.66,76.34,0.07,1.1,433.0,0.154,0.63
168,1986.0,0.16,6.79,6.95,0.75,9.053333333,1.74,389.78,43.05,0.02,6.95,423.0,0.092,0.45
169,4486.0,2.92,0.35,3.27,1.3,0.27,0.97,36.0,134.0,3.3,0.89,381.0,3.0103092780000003,-0.302
170,3458.0,0.46,0.52,0.98,0.15,3.47,0.56,93.0,27.0,1.0,0.47,336.0,0.8214285709999999,-1.112
171,2052.0,0.11,3.27,3.38,0.41,7.98,1.04,315.94,39.61,3.38,0.03,424.0,0.106,0.47
172,1965.0,0.19,12.64,12.83,0.49,25.79816327,2.07,610.39,23.66,0.01,12.83,415.0,0.092,0.31
173,5056.0,2.85,5.0,7.85,0.43,11.63,2.62,191.0,16.0,7.8,0.36,456.0,1.08778626,1.048
174,1740.0,0.24,17.88,18.12,0.7,25.54,4.08,438.67,17.17,18.12,0.01,421.0,0.059000000000000004,0.42
175,2034.0,0.13,5.43,5.56,0.44,12.34,1.6,340.44,27.59,5.56,0.02,423.0,0.081,0.45
176,4535.0,0.18,0.56,0.37,0.49,1.142857143,47.0,1.191489362,1.0425531909999999,0.68,0.243243243,424.0,0.0038297870000000003,0.47
177,3494.0,0.02,0.05,0.07,0.13,0.36,0.38,13.0,37.0,0.1,0.29,431.0,0.052631579000000005,0.598
178,1926.0,0.19,16.3,16.49,0.54,30.18,2.94,554.63,18.38,16.49,0.01,416.0,0.065,0.33
179,2028.0,0.12,2.58,2.7,0.42,6.131428571,1.02,252.72,41.22,0.04,2.7,424.0,0.11800000000000001,0.47
180,3482.0,0.06,0.08,0.16,0.38,0.21052631600000002,15.0,0.533333333,2.5333333330000003,0.25,0.428571429,397.0,0.004,0.01
181,2160.0,0.19,3.29,3.48,0.4,8.225,0.69,477.5,58.06,0.05,3.48,418.0,0.275,0.36
182,2472.0,0.12,1.82,1.94,0.37,4.918918918999999,0.73,249.66,50.75,0.06,1.94,423.0,0.16399999999999998,0.45
183,3350.0,0.08,0.14,0.22,0.28,0.5,0.51,27.45098039,54.90196078,0.2,0.363636364,434.0,0.156862745,0.65
184,2115.0,0.11,8.9,9.01,0.39,22.82,1.71,521.69,22.86,9.01,0.01,418.0,0.064,0.36
185,1932.0,0.15,7.9,8.05,0.8,9.87,1.45,543.3,55.02,8.05,0.02,421.0,0.10300000000000001,0.42
186,1673.0,0.2,13.06,13.26,0.67,19.49850746,3.46,377.79,19.38,0.02,13.26,422.0,0.057999999999999996,0.44
187,4648.0,0.03,0.06,0.03,1.0,0.06,75.0,0.08,1.333333333,0.5,0.333333333,350.0,0.0004,0.86
188,4636.0,0.04,0.08,0.2,0.2,0.4,44.0,0.181818182,0.454545455,0.5,0.333333333,337.0,0.0009090910000000001,1.09
189,3998.0,0.83,3.1,1.0,0.83,3.734939759,115.0,2.6956521739999997,0.72173913,0.73,0.21119592899999998,416.0,0.007217391,0.34
190,3820.0,0.16,2.4,2.56,0.75,3.2,1.15,209.06,65.33,2.56,0.06,439.0,0.13937281,0.74
191,3368.0,0.05,0.03,0.08,0.25,0.12,0.5,6.0,50.0,0.1,0.63,300.0,0.1,-1.76
192,2475.0,0.13,1.94,2.07,0.28,6.928571429,0.68,285.71,41.24,0.06,2.07,424.0,0.191,0.47
193,2055.0,0.11,3.64,3.75,0.36,10.11,1.19,306.4,30.3,3.75,0.03,424.0,0.092,0.47
194,3374.0,0.28,0.42,0.46,0.61,0.68852459,41.0,1.0243902440000001,1.4878048780000002,0.33,0.4,390.0,0.006829268,0.14
195,2157.0,0.21,4.15,4.36,0.38,10.92105263,0.88,473.74,43.38,0.05,4.36,419.0,0.239,0.38
196,1902.0,0.19,10.48,10.67,0.45,23.3,1.9,550.6,23.63,10.67,0.02,417.0,0.1,0.35
197,4139.0,1.0,0.55,1.55,0.65,0.85,0.55,100.0,118.0,1.6,0.65,429.0,1.8181818180000002,0.562
198,3806.0,0.11,0.14,0.41,0.27,0.518518519,92.0,0.152173913,0.293478261,0.48,0.44,409.0,0.001195652,0.21
199,4181.0,0.62,1.85,0.83,0.75,2.4666666669999997,83.0,2.228915663,0.903614458,0.66,0.251012146,422.0,0.00746988,0.44
200,4992.0,0.17,0.2,0.37,0.34,0.59,0.16,125.0,213.0,0.4,0.46,383.0,1.0625,-0.266
201,2043.0,0.13,3.76,3.89,0.41,9.17,1.38,273.06,29.77,3.89,0.03,423.0,0.094,0.45
202,2700.0,0.09,1.07,1.16,0.45,2.38,0.59,181.97,76.53,1.16,0.08,428.0,0.153,0.54
203,3962.0,3.8,1.24,5.04,0.95,1.31,0.9,138.0,106.0,5.0,0.75,418.0,4.222222222,0.364
204,2718.0,0.11,2.38,2.48,0.41,5.792682927,1.04,228.59,39.46,0.04,2.48,429.0,0.106,0.56
205,4200.0,4.39,5.93,10.32,0.96,6.18,4.21,141.0,23.0,10.3,0.43,445.0,1.0427553440000001,0.85
206,3512.0,0.04,0.11,0.15,0.2,0.73,0.4,28.0,38.0,0.2,0.27,430.0,0.1,0.58
207,3904.0,0.41,1.01,0.65,0.63,1.603174603,132.0,0.765151515,0.477272727,0.59,0.288732394,414.0,0.003106061,0.28
208,4599.0,0.08,0.06,0.14,0.19,0.32,0.14,43.0,136.0,0.1,0.57,402.0,0.571428571,0.076
209,3050.0,1.47,7.16,8.63,0.55,13.02,1.84,388.92,29.88,8.63,0.17,429.0,0.797866063,0.56
210,2025.0,0.12,3.09,3.21,0.45,6.86,1.5,205.63,29.96,3.21,0.04,425.0,0.08,0.49
211,4148.0,0.85,0.48,1.33,0.75,0.64,0.55,87.0,136.0,1.3,0.64,430.0,1.545454545,1.22
212,2475.0,0.13,1.94,2.07,0.28,6.93,0.68,285.71,41.24,2.07,0.06,424.0,0.191,0.47
213,4549.0,30.32,9.46,39.78,1.55,6.1,2.14,442.0,72.0,39.8,0.76,439.0,14.168224300000002,0.742
214,2541.0,0.23,1.77,2.0,0.81,2.19,0.65,274.42,125.58,2.0,0.12,424.0,0.354,0.47
215,3003.0,0.08,2.08,2.16,0.31,6.71,0.89,234.5,34.95,2.16,0.04,431.0,0.09,0.6
216,1899.0,0.23,13.33,13.56,0.48,27.77083333,2.82,473.37,17.05,0.02,13.56,417.0,0.08199999999999999,0.35
217,2964.0,0.09,1.68,1.77,0.33,5.09,0.68,248.89,48.89,1.77,0.05,431.0,0.132,0.6
218,3250.0,0.48,2.4,2.88,0.46,5.22,1.02,234.38,44.92,2.88,0.17,431.0,0.465491561,0.6
219,4942.0,38.44,13.03,51.47,1.32,9.87,5.35,244.0,25.0,51.5,0.75,432.0,7.185046729,0.616
220,3745.0,0.03,0.05,0.08,0.56,0.09,0.12,42.0,467.0,0.1,0.38,374.0,0.25,-0.428
221,2001.0,0.17,7.46,7.63,0.36,20.71,1.56,477.94,23.08,7.63,0.02,414.0,0.109,0.29
222,1804.0,0.64,5.24,5.88,3.35,1.56,1.03,506.77,323.98,5.88,0.11,437.0,0.621,0.71
223,4837.0,0.29,0.41,0.25,1.16,0.353448276,171.0,0.239766082,0.678362573,0.29,0.41428571399999997,385.0,0.001695906,0.23
224,3410.0,0.17,0.25,0.2,0.18,1.388888889,16.0,1.5625,1.125,0.32,0.404761905,393.0,0.010625,0.08
225,2112.0,0.2,8.3,8.5,0.44,18.86363636,2.19,379.52,20.12,0.02,8.5,421.0,0.091,0.42
226,4511.0,3.25,8.03,0.84,3.87,2.074935401,100.0,8.03,3.87,0.6,0.288120567,432.0,0.0325,0.61
227,1938.0,0.16,11.25,11.41,0.54,20.83166667,1.87,601.56,28.88,0.01,11.41,417.0,0.086,0.35
228,4517.0,0.16,0.05,0.21,0.02,2.5,0.05,100.0,40.0,0.2,0.76,342.0,3.2,-1.004
229,2010.0,0.15,5.05,5.2,0.35,14.44,1.25,403.09,27.91,5.2,0.03,421.0,0.12,0.42
230,3532.0,0.03,0.04,0.07,0.41,0.1,0.01,400.0,4100.0,0.1,0.43,321.0,3.0,-1.382
231,2091.0,0.11,5.46,5.57,0.38,14.36842105,1.23,443.9,30.89,0.02,5.57,416.0,0.08900000000000001,0.33
232,4660.0,20.46,7.11,27.57,1.77,4.02,1.59,447.0,111.0,27.6,0.74,434.0,12.86792453,0.652
233,5033.0,0.42,0.68,1.1,0.3,2.27,0.12,567.0,250.0,1.1,0.38,360.0,3.5,-0.68
234,3971.0,0.55,7.24,7.79,0.84,8.62,3.6,201.0,23.0,7.8,0.07,433.0,0.152777778,0.634
235,3834.0,0.07,0.09,0.42,0.17,0.529411765,41.0,0.219512195,0.41463414600000004,0.22,0.4375,410.0,0.001707317,0.23
236,3230.0,0.04,0.02,0.06,0.28,0.071428571,0.36,5.555555556,77.77777778,0.1,0.666666667,254.0,0.111111111,2.59
237,2985.0,0.09,1.45,1.54,0.89,1.629213483,0.86,169.39,103.97,0.06,1.54,433.0,0.105,0.63
238,3045.0,0.08,0.78,0.86,0.6,1.3,0.64,121.31,93.31,0.09,1.9,434.0,0.125,0.65
239,2466.0,0.11,1.77,1.88,0.3,5.9,0.71,248.95,42.19,1.88,0.06,424.0,0.155,0.47
240,2892.0,0.08,1.26,1.34,0.37,3.41,0.65,193.55,56.84,1.34,0.06,432.0,0.12300000000000001,0.62
241,1932.0,0.15,7.9,8.05,0.8,9.8745,1.45,543.3,55.02,0.02,8.05,421.0,0.10300000000000001,0.42
242,4356.0,0.88,2.85,0.04,22.0,0.129545455,106.0,2.688679245,20.75471698,0.69,0.235924933,429.0,0.008301886999999999,0.57
243,2739.0,0.1,1.37,1.47,0.48,2.854166667,0.5,272.37,95.43,0.07,1.47,428.0,0.2,0.54
244,2469.0,0.12,1.82,1.94,0.37,4.918918918999999,0.62,293.08,59.58,0.06,1.94,426.0,0.19399999999999998,0.51
245,4462.0,2.21,5.71,0.9,2.46,2.321138211,87.0,6.563218391,2.827586207,0.61,0.27904040399999996,431.0,0.025402299,0.6
246,1911.0,0.18,8.47,8.65,0.43,19.68627674,1.8,470.81,23.92,0.02,8.65,416.0,0.1,0.33
247,3000.0,0.08,1.33,1.41,0.34,3.91,0.56,238.35,60.93,1.41,0.06,431.0,0.14300000000000002,0.6
248,4062.0,1.4,3.7,0.89,1.57,2.356687898,173.0,2.138728324,0.9075144509999999,0.62,0.27450980399999997,418.0,0.008092486,0.36
249,2718.0,0.1,2.37,2.47,0.23,10.30434783,1.1,216.04,20.97,0.04,2.47,430.0,0.091,0.58
250,4846.0,24.22,7.41,31.63,0.97,7.64,2.75,269.0,35.0,31.6,0.77,433.0,8.807272727,1.53
251,4300.0,36.32,8.0,44.32,1.4,5.71,1.7,471.0,82.0,44.3,0.82,438.0,21.36470588,0.7240000000000001
252,3950.0,1.2,4.81,0.8,1.5,3.206666667,148.0,3.25,1.013513514,0.75,0.199667221,415.0,0.008108108000000001,0.31
253,2709.0,0.09,1.31,1.4,0.45,2.91,0.57,230.23,79.09,1.4,0.06,429.0,0.158,0.56
254,1818.0,0.3,21.33,21.63,0.58,36.76827586,4.3,495.48,13.48,0.01,21.63,421.0,0.07,0.42
255,3326.0,0.07,0.11,0.18,0.28,0.39285714299999996,0.5,22.0,56.0,0.2,0.38888888899999996,427.0,0.14,0.53
256,3224.0,0.05,0.01,0.06,0.18,0.055555556,0.36,2.777777778,50.0,0.1,0.833333333,350.0,0.13888888900000002,0.86
257,3320.0,3.13,25.29,28.42,0.56,45.16071429,6.28,402.70700639999995,8.917197452,28.4,0.11013370900000001,33.0,0.49840764299999996,6.57
258,4411.0,41.04,11.27,52.31,1.61,7.0,2.64,427.0,61.0,52.3,0.78,439.0,15.54545455,0.742
259,3272.0,0.07,0.03,0.1,0.13,0.23076923100000002,0.39,7.692307692000001,33.33333333,0.1,0.7,385.0,0.179487179,0.23
260,1875.0,0.12,3.93,4.05,0.54,7.274814815,1.41,279.4,38.41,0.03,4.05,419.0,0.085,0.38
261,3009.0,0.07,1.45,1.52,0.38,3.815789474,0.67,218.05,57.14,0.05,1.52,430.0,0.10400000000000001,0.58
262,1953.0,0.15,9.73,9.88,0.42,23.16,1.89,513.55,22.18,9.88,0.02,418.0,0.079,0.36
263,3398.0,0.01,0.05,0.17,0.06,0.833333333,8.0,0.625,0.75,0.8,0.166666667,392.0,0.00125,0.11
264,3922.0,0.49,0.29,0.78,0.73,0.4,0.34,85.0,215.0,0.8,0.63,418.0,1.441176471,0.364
265,4709.0,0.05,0.03,0.08,0.05,0.6,0.08,38.0,63.0,0.1,0.63,337.0,0.625,-1.094
266,3767.0,0.08,0.11,0.66,0.12,0.916666667,62.0,0.177419355,0.193548387,0.33,0.42105263200000004,406.0,0.0012903230000000001,0.15
267,2811.0,0.09,1.49,1.58,0.37,4.027027027,0.62,242.28,60.16,0.06,1.58,431.5,0.145,0.61
268,2109.0,0.12,9.65,9.77,0.39,24.74,1.64,589.85,23.84,9.77,0.01,418.0,0.073,0.36
269,3398.0,0.14,0.18,0.32,0.25,0.72,0.63,29.0,40.0,0.3,0.44,432.0,0.222222222,0.616
270,1812.0,0.25,17.74,17.99,0.58,30.58206897,3.67,483.05,15.8,0.01,17.99,421.0,0.068,0.42
271,2478.0,0.4,2.63,3.03,0.43,6.11627907,0.67,390.21,63.8,0.13,3.03,422.0,0.597,0.44
272,2715.0,0.11,1.77,1.88,0.67,2.64,0.81,217.71,82.41,1.88,0.06,430.0,0.136,0.58
273,1983.0,0.17,9.22,9.39,0.62,14.87,2.21,418.04,28.11,9.39,0.02,417.0,0.077,0.35
274,3858.0,0.04,0.06,0.1,0.5,0.12,0.12,50.0,417.0,0.1,0.4,420.0,0.333333333,0.4
275,4341.0,0.63,2.31,0.04,15.75,0.146666667,73.0,3.164383562,21.57534247,0.73,0.214285714,429.0,0.008630137,0.56
276,1760.0,0.16,9.95,10.11,0.57,17.45,2.6,382.65,21.93,10.11,0.02,423.0,0.062,0.45
277,2154.0,0.15,5.94,6.09,0.35,16.97142857,1.22,486.09,28.64,0.02,6.09,418.0,0.12300000000000001,0.36
278,3482.0,0.02,0.06,0.08,0.16,0.38,0.39,15.0,41.0,0.1,0.25,403.0,0.051282050999999995,0.094
279,3045.0,0.08,0.78,0.86,0.6,1.3,0.48,161.49,124.22,0.09,0.86,434.0,0.16699999999999998,0.65
280,2454.0,0.11,1.29,1.4,0.38,3.39,0.58,222.8,65.63,1.4,0.08,423.0,0.19,0.45
281,4837.0,0.12,0.29,0.41,0.25,1.16,0.17,171.0,147.0,0.4,0.29,374.0,0.705882353,-0.428
282,4526.0,0.22,0.04,0.26,0.03,1.33,0.09,44.0,33.0,0.3,0.85,356.0,2.444444444,-0.752
283,5160.0,2.14,1.33,3.47,0.71,1.87,0.62,215.0,115.0,3.5,0.62,440.0,3.451612903,0.76
284,4084.0,2.28,1.12,3.4,0.87,1.29,0.72,156.0,121.0,3.4,0.67,412.0,3.166666667,0.256
285,3892.0,0.14,0.07,0.21,0.62,0.11,0.19,37.0,326.0,0.2,0.67,440.0,0.736842105,0.76
286,3296.0,0.06,0.18,0.24,0.25,0.72,7.68,35.0,49.0,0.2,0.25,427.0,0.0078125,0.526
287,4575.0,0.02,0.06,0.1,0.2,0.3,18.0,0.333333333,1.111111111,0.67,0.25,430.0,0.0011111110000000001,0.58
288,1896.0,0.17,14.11,14.28,0.61,23.13114754,2.55,553.55,23.93,0.01,14.28,416.0,0.067,0.33
289,3898.0,0.09,0.29,0.64,0.14,2.0714285709999998,45.0,0.644444444,0.311111111,0.69,0.236842105,413.0,0.002,0.27
290,2883.0,0.1,2.1,2.2,0.53,3.9622641510000003,0.94,223.64,56.44,0.05,2.2,432.0,0.106,0.62
291,4562.0,0.04,0.02,0.06,0.12,0.17,0.11,18.0,109.0,0.1,0.67,328.0,0.363636364,-1.256
292,2985.0,0.09,1.33,1.42,0.67,2.0,0.74,179.12,89.56,0.06,1.42,433.0,0.122,0.63
293,1809.0,0.32,26.62,26.94,0.71,37.49971831,4.94,539.18,14.38,0.01,26.94,420.0,0.065,0.4
294,3242.0,0.04,0.02,0.06,0.26,0.08,0.41,6.0,79.0,0.1,0.67,299.0,0.097560976,-1.778
295,1905.0,0.19,10.44,10.63,0.52,20.07692308,1.83,571.43,28.46,0.02,10.63,415.0,0.10400000000000001,0.31
296,4395.0,4.32,9.38,1.09,3.96,2.3686868690000003,115.0,8.156521739,3.443478261,0.54,0.315328467,431.0,0.037565217000000005,0.59
297,3785.0,0.97,1.0,0.56,1.73,0.5780346820000001,183.0,0.546448087,0.945355191,0.79,0.492385787,408.0,0.005300546,0.18
298,3284.0,0.04,0.04,0.08,0.04,1.0,0.4,11.0,11.0,0.1,0.5,297.0,0.1,-1.814
299,4093.0,1.8,0.76,2.56,0.97,0.78,0.53,143.0,183.0,2.6,0.7,412.0,3.396226415,0.256
300,4954.0,39.15,12.07,51.22,1.17,10.32,5.39,224.0,22.0,51.2,0.76,435.0,7.263450835,1.74
301,2097.0,0.15,12.31,12.46,0.35,35.17,1.69,729.7,20.75,12.46,0.01,420.0,0.08900000000000001,0.4
302,3831.0,0.08,0.06,0.14,0.49,0.12,0.08,75.0,613.0,0.1,0.57,411.0,1.0,0.23800000000000002
303,1893.0,0.15,9.14,9.29,0.45,20.31,1.76,518.14,25.51,9.29,0.02,417.0,0.085,0.35
304,1839.0,0.2,11.35,11.55,0.54,21.0237037,2.81,403.87,19.21,0.02,11.55,421.0,0.071,0.42
305,3302.0,4.37,33.59,37.96,0.61,55.06557377,7.04,477.1306818,8.664772727,38.0,0.11512118,429.0,0.620738636,0.56
306,4618.0,19.25,6.25,25.5,1.49,4.19,1.56,401.0,96.0,25.5,0.75,438.0,12.33974359,0.7240000000000001
307,4206.0,6.42,10.93,1.31,4.9,2.230612245,118.0,9.262711864,4.152542373,0.41,0.370028818,425.0,0.05440678,0.48
308,2550.0,2.37,8.12,10.49,0.59,13.76,2.19,371.28,26.98,10.49,0.23,428.0,1.0823730059999999,0.54
309,1905.0,0.19,10.44,10.63,0.52,20.08,1.83,571.43,28.46,10.63,0.02,415.0,0.10400000000000001,0.31
310,1872.0,0.12,4.27,4.39,0.61,6.9980327870000005,1.43,298.94,42.72,0.03,4.39,420.0,0.084,0.4
311,4355.0,0.98,2.55,0.06,16.33,0.156154317,100.0,2.55,16.33,0.62,0.277620397,429.0,0.0098,0.56
312,3680.0,0.16,4.11,4.27,0.74,5.55,1.39,296.75,53.43,4.27,0.04,436.0,0.118250174,0.69
313,4834.0,27.43,9.61,37.04,0.88,10.92,3.32,289.0,27.0,37.0,0.74,432.0,8.262048193,0.616
314,4358.0,3.17,11.45,1.36,2.33,4.91416309,96.0,11.92708333,2.427083333,0.72,0.216826265,430.0,0.033020833,0.57
315,3488.0,0.06,0.08,0.16,0.46,0.17391304300000002,16.0,0.5,2.875,0.25,0.428571429,398.0,0.00375,0.0
316,4373.0,6.21,5.48,11.69,1.07,5.12,3.79,145.0,28.0,11.7,0.53,451.0,1.6385224269999998,0.958
317,1800.0,0.31,21.73,22.04,0.7,31.04,4.11,528.85,17.04,22.04,0.01,417.0,0.075,0.35
318,3497.0,0.06,0.08,0.14,0.38,0.21052631600000002,14.0,0.571428571,2.714285714,0.25,0.428571429,398.0,0.004285714,0.01
319,3358.0,0.05,0.08,0.41,0.12,0.666666667,500.0,0.016,0.024,0.38,0.384615385,401.0,0.0001,0.06
320,3130.0,0.19,0.61,0.8,0.56,1.09,1.07,57.0,52.0,0.8,0.24,424.0,0.177570093,0.47200000000000003
321,4806.0,0.04,0.07,0.09,0.44,0.159090909,133.0,0.052631579000000005,0.330827068,0.43,0.363636364,432.0,0.000300752,0.62
322,3398.0,0.35,0.55,0.43,0.81,0.6790123459999999,52.0,1.057692308,1.557692308,0.36,0.38888888899999996,392.0,0.006730769,0.11
323,3782.0,0.03,0.81,0.84,0.57,1.42,0.46,176.0,124.0,3.4,0.76,415.0,0.065217391,0.31
324,4373.0,5.48,11.69,1.07,5.12,2.283203125,145.0,8.062068966,3.531034483,0.53,0.319161328,430.0,0.037793103,0.58
325,2931.0,0.09,1.21,1.3,0.33,3.666666667,0.54,223.66,61.0,0.07,1.3,429.0,0.16699999999999998,0.56
326,4191.0,4.12,4.47,8.59,0.68,6.57,4.26,105.0,16.0,8.6,0.48,444.0,0.96713615,0.8320000000000001
327,2811.0,0.09,1.96,2.05,0.34,5.764705882,0.71,277.62,48.16,0.04,2.05,430.0,0.127,0.58
328,4032.0,0.68,0.36,1.04,0.78,0.46,0.38,95.0,205.0,1.0,0.65,406.0,1.789473684,0.14800000000000002
329,4184.0,0.71,0.3,1.01,0.65,0.46,0.43,70.0,151.0,1.0,0.7,429.0,1.651162791,0.562
330,3334.0,0.04,0.06,0.44,0.09,0.666666667,67.0,0.089552239,0.134328358,0.33,0.4,401.0,0.000597015,0.05
331,2127.0,0.2,8.5,8.7,0.37,22.97297297,1.58,537.63,23.4,0.02,8.7,420.0,0.127,0.4
332,1896.0,0.17,14.11,14.28,0.61,23.13,2.55,553.55,23.93,14.28,0.01,416.0,0.067,0.33
333,4102.0,1.2,0.58,1.78,0.77,0.75,0.46,126.0,167.0,1.8,0.67,411.0,2.6086956519999998,0.23800000000000002
334,2100.0,0.14,13.06,13.2,0.36,36.27777778,2.12,617.2,17.01,0.01,13.2,417.0,0.066,0.35
335,4540.0,18.56,9.14,27.7,1.02,8.96,1.91,479.0,53.0,27.7,0.67,436.0,9.717277487,0.688
336,4534.0,22.26,5.78,28.04,1.58,3.66,1.97,293.0,80.0,28.0,0.79,425.0,11.29949239,1.33
337,3806.0,0.03,0.11,0.14,0.41,0.27,0.12,92.0,342.0,0.2,0.48,414.0,0.25,0.292
338,2274.0,0.1,1.44,1.54,0.34,4.2352941180000006,0.38,375.98,88.77,0.06,1.54,416.0,0.263,0.33
339,1920.0,0.16,9.45,9.61,0.44,21.47317955,1.78,530.2,24.69,0.02,9.61,416.0,0.09,0.33
340,2754.0,0.14,2.04,2.18,0.52,3.923076923,0.7,292.26,74.5,0.06,2.18,427.0,0.2,0.53
341,4387.0,10.5,11.95,22.45,1.49,8.02,1.69,707.0,88.0,22.5,0.47,441.0,6.213017751000001,0.778
342,4191.0,4.47,8.59,0.68,6.57,1.307458143,105.0,8.180952381,6.257142857000001,0.48,0.34226646200000005,423.0,0.042571429,0.45
343,1839.0,0.2,11.35,11.55,0.54,21.02,2.81,403.87,19.21,11.55,0.02,421.0,0.071,0.42
344,3458.0,0.52,0.98,0.15,3.47,0.28242074899999997,93.0,1.0537634409999999,3.731182796,0.47,0.34666666700000004,396.0,0.005591398000000001,0.04
345,4888.0,0.02,0.06,0.08,0.07,0.86,0.06,100.0,117.0,0.1,0.25,379.0,0.333333333,-0.33799999999999997
346,1750.0,0.22,13.97,14.19,0.57,24.50105263,3.76,371.23,15.15,0.02,14.19,422.0,0.059000000000000004,0.44
347,3308.0,3.91,30.31,34.22,0.44,68.88636364,6.77,447.7104874,6.4992614479999995,34.2,0.114260666,435.0,0.577548006,0.67
348,1869.0,0.14,5.5,5.64,0.53,10.38037736,1.94,284.32,27.39,0.02,5.64,417.0,0.07200000000000001,0.35
349,4714.0,25.21,8.28,33.49,1.96,4.22,2.22,373.0,88.0,33.5,0.75,426.0,11.35585586,1.34
350,1977.0,0.11,4.71,4.82,0.38,12.39,1.29,366.25,29.55,4.82,0.02,416.0,0.085,0.33
351,2463.0,0.1,1.53,1.63,0.37,4.14,0.52,292.54,70.75,1.63,0.06,424.0,0.192,0.47
352,4611.0,0.06,0.01,0.07,0.07,0.14,0.13,8.0,54.0,0.1,0.86,357.0,0.46153846200000004,-0.7340000000000001
353,3627.0,0.03,0.03,0.06,0.34,0.09,0.02,150.0,1700.0,0.1,0.5,323.0,1.5,-1.3459999999999999
354,4218.0,3.15,3.95,7.1,1.62,2.44,4.28,92.0,38.0,7.1,0.44,442.0,0.735981308,0.7959999999999999
355,4340.0,1.27,2.35,3.62,0.06,39.17,2.69,87.0,2.0,3.6,0.35,469.0,0.472118959,0.97
356,2007.0,0.13,5.58,5.71,0.45,12.4,1.64,340.66,27.47,5.71,0.02,421.0,0.079,0.42
357,4020.0,0.36,0.14,0.5,0.72,0.19,0.29,48.0,248.0,0.5,0.72,400.0,1.24137931,0.04
358,2157.0,0.21,4.15,4.36,0.38,10.92,0.88,473.74,43.38,4.36,0.05,419.0,0.239,0.38
359,4500.0,13.12,8.26,21.38,1.36,6.07,1.37,603.0,99.0,21.4,0.61,441.0,9.576642336,0.778
360,2742.0,0.1,1.27,1.37,0.56,2.267857143,0.51,248.53,109.59,0.07,1.37,428.0,0.196,0.54
361,3218.0,1.64,1.58,3.22,0.3,5.266666667,0.86,183.7209302,34.88372093,3.2,0.50931677,342.0,1.906976744,1.0
362,3782.0,0.81,0.84,0.57,1.42,0.5915492960000001,176.0,0.477272727,0.806818182,0.76,0.490909091,407.0,0.004602273,0.17
363,3470.0,0.08,0.17,0.25,0.26,0.71,0.46,37.0,52.0,0.3,0.32,430.0,0.17391304300000002,0.58
364,5028.0,0.26,0.3,0.56,0.36,0.83,0.07,429.0,514.0,0.6,0.46,430.0,3.714285714,0.58
365,2733.0,0.12,1.63,1.75,0.52,3.134615385,0.66,246.22,78.55,0.07,1.75,429.0,0.182,0.56
366,2730.0,0.12,1.59,1.71,0.62,2.5645161290000003,0.65,245.75,95.83,0.07,1.71,428.0,0.185,0.54
367,3266.0,0.04,0.9,0.04,0.22,4.090909091,1.42,63.38028169,15.49295775,0.1,0.042553191,432.0,0.028169014,0.62
368,4093.0,0.76,2.56,0.97,0.78,3.282051282,143.0,1.79020979,0.545454545,0.7,0.22891566300000002,419.0,0.005314685,0.38
369,4535.0,0.38,0.18,0.56,0.37,0.49,0.38,47.0,97.0,0.6,0.68,438.0,1.0,0.7240000000000001
370,2961.0,0.1,1.81,1.91,0.31,5.84,0.72,253.15,43.36,1.91,0.05,432.0,0.139,0.62
371,4774.0,8.51,8.18,16.69,0.81,10.1,2.54,322.0,32.0,16.7,0.51,432.0,3.3503937010000002,0.616
372,2718.0,0.11,2.38,2.48,0.41,5.79,1.04,228.59,39.46,2.48,0.04,429.0,0.106,0.56
373,1720.0,0.21,13.21,13.42,0.69,19.15,3.83,345.03,18.02,13.42,0.02,422.0,0.055,0.44
374,2466.0,0.11,1.77,1.88,0.3,5.9,0.71,248.95,42.19,0.06,1.88,424.0,0.155,0.47
375,3494.0,0.05,0.07,0.13,0.36,0.194444444,13.0,0.538461538,2.769230769,0.29,0.41666666700000005,398.0,0.003846154,0.0
376,3998.0,2.27,0.83,3.1,1.0,0.83,0.72,115.0,139.0,3.1,0.73,412.0,3.152777778,0.256
377,2721.0,0.11,2.38,2.49,0.59,4.033898305,0.98,242.61,60.14,0.04,2.49,428.0,0.11199999999999999,0.54
378,4288.0,3.42,6.0,1.15,2.97,2.02020202,116.0,5.1724137930000005,2.5603448280000003,0.43,0.363057325,427.0,0.029482759,0.52
379,1809.0,0.32,26.62,26.94,0.71,37.5,4.94,539.18,14.38,26.94,0.01,420.0,0.065,0.4
380,4011.0,0.73,0.33,1.06,0.85,0.39,0.32,103.0,266.0,1.1,0.69,409.0,2.28125,0.20199999999999999
381,2061.0,0.11,3.44,3.55,0.38,9.05,1.0,343.31,37.92,3.55,0.03,423.0,0.11,0.45
382,2133.0,0.14,5.38,5.52,0.33,16.3,1.26,425.63,26.11,5.52,0.03,417.0,0.111,0.35
383,4330.0,66.41,16.33,82.74,1.47,11.11,2.82,579.0,52.0,82.7,0.8,444.0,23.54964539,0.8320000000000001
384,2463.0,0.1,1.53,1.63,0.37,4.135135135,0.52,292.54,70.75,0.06,1.63,424.0,0.192,0.47
385,1690.0,0.2,13.39,13.59,0.7,19.12,3.16,423.88,22.17,13.59,0.01,420.0,0.063,0.4
386,1824.0,0.19,15.93,16.12,0.51,31.24,3.42,466.33,14.93,16.12,0.01,419.0,0.055999999999999994,0.38
387,4630.0,8.41,9.13,17.54,1.16,7.87,1.41,648.0,82.0,17.5,0.48,443.0,5.964539007000001,1.44
388,1956.0,0.18,10.1,10.28,0.5,20.2,1.81,557.74,27.61,10.28,0.02,420.0,0.099,0.4
389,4507.0,25.8,9.14,34.94,1.81,5.05,2.32,394.0,78.0,34.9,0.74,440.0,11.12068966,1.3
390,3779.0,0.11,0.14,0.51,0.22,0.636363636,79.0,0.17721519,0.278481013,0.59,0.44,407.0,0.001392405,0.17
391,2541.0,0.23,1.77,2.0,0.81,2.185185185,0.65,274.42,125.58,0.12,2.0,424.0,0.354,0.47
392,4250.0,3.14,4.48,7.62,1.44,3.11,4.38,102.0,33.0,7.6,0.41,450.0,0.716894977,0.94
393,4381.0,10.28,8.42,18.7,1.43,5.89,1.32,638.0,108.0,18.7,0.55,441.0,7.7878787879999996,0.778
394,4696.0,0.07,0.13,0.14,0.5,0.26,50.0,0.26,1.0,0.46,0.35,299.0,0.0014,1.78
395,5038.0,3.0,5.29,8.29,0.62,8.53,2.94,180.0,21.0,8.3,0.36,455.0,1.020408163,1.3
396,3913.0,0.3,0.6,0.7,0.43,1.3953488369999998,143.0,0.41958042,0.30069930100000003,0.5,0.333333333,414.0,0.002097902,0.29
397,1875.0,0.12,3.93,4.05,0.54,7.27,1.41,279.4,38.41,4.05,0.03,419.0,0.085,0.38
398,4288.0,2.58,3.42,6.0,1.15,2.97,2.96,116.0,39.0,6.0,0.43,454.0,0.871621622,1.012
399,3931.0,1.18,6.4,0.76,1.55,4.1290322580000005,126.0,5.079365079,1.23015873,0.82,0.15567282300000002,415.0,0.009365079,0.3
400,4218.0,3.95,7.1,1.62,2.44,2.9098360660000004,92.0,7.7173913039999995,2.652173913,0.44,0.35746606299999995,425.0,0.042934783,0.49
401,3962.0,1.24,5.04,0.95,1.31,3.847328244,138.0,3.652173913,0.9492753620000001,0.75,0.19745222899999998,415.0,0.008985507,0.32
402,4163.0,0.85,0.71,1.56,0.73,0.97,0.47,151.0,155.0,1.6,0.54,441.0,1.8085106380000002,0.778
403,3428.0,0.08,0.13,0.39,0.4,0.325,21.0,0.6190476189999999,1.904761905,0.38,0.380952381,394.0,0.0038095240000000003,0.07
404,4870.0,0.06,0.1,0.16,0.13,0.77,0.08,125.0,163.0,0.2,0.38,378.0,0.75,-0.35600000000000004
405,3740.0,0.4,2.2,2.6,0.26,8.46,1.09,202.39,23.92,2.6,0.15,439.0,0.36691141,0.74
406,4425.0,33.57,43.66,4.58,7.33,5.956343792999999,159.0,27.4591195,4.610062893,0.23,0.43467564399999997,431.0,0.211132075,0.6
407,3224.0,0.05,0.01,0.06,0.18,0.06,0.36,3.0,50.0,0.1,0.83,350.0,0.13888888900000002,-0.86
408,2022.0,0.12,3.37,3.49,0.41,8.21,1.2,279.88,34.08,3.49,0.03,423.0,0.1,0.45
409,3356.0,0.06,0.18,0.24,0.19,0.947368421,0.55,32.72727273,34.54545455,0.2,0.25,435.0,0.109090909,0.67
410,4648.0,23.88,7.73,31.61,1.48,5.22,1.98,390.0,75.0,31.6,0.76,437.0,12.06060606,1.27
411,5104.0,42.96,9.01,51.97,1.27,7.09,2.33,387.0,55.0,52.0,0.83,432.0,18.43776824,0.616
412,2133.0,0.14,5.38,5.52,0.33,16.303030300000003,1.26,425.63,26.11,0.03,5.52,417.0,0.111,0.35
413,1914.0,0.14,6.39,6.53,0.42,15.23,1.74,367.5,24.14,6.53,0.02,420.0,0.08,0.4
414,3480.0,0.04,0.08,0.45,0.09,0.8888888890000001,100.0,0.08,0.09,0.5,0.333333333,403.0,0.0004,0.09
415,3980.0,1.61,0.91,2.52,1.16,0.78,0.77,118.0,151.0,2.5,0.64,418.0,2.090909091,0.364
416,4684.0,0.23,0.32,0.55,0.23,1.39,0.22,145.0,105.0,0.6,0.42,390.0,1.045454545,-0.14
417,3450.0,0.28,1.44,1.72,0.39,3.69,0.72,199.72,54.09,1.72,0.17,439.0,0.39510718799999994,0.74
418,4550.0,0.06,0.15,0.17,0.35,0.428571429,50.0,0.3,0.7,0.6,0.28571428600000004,349.0,0.0012,0.88
419,3452.0,0.03,0.06,0.14,0.2,0.3,9.0,0.666666667,2.222222222,0.5,0.333333333,395.0,0.003333333,0.04
420,1917.0,0.19,6.64,6.83,0.46,14.43,1.89,351.41,24.35,6.83,0.03,417.0,0.10099999999999999,0.35
421,3800.0,0.06,0.09,0.42,0.14,0.642857143,75.0,0.12,0.18666666699999998,0.4,0.4,409.0,0.0008,0.2
422,4806.0,0.03,0.04,0.07,0.09,0.44,0.03,133.0,300.0,0.1,0.43,359.0,1.0,-0.698
423,2694.0,0.1,1.19,1.29,0.45,2.64,0.5,237.52,89.82,1.29,0.08,427.0,0.2,0.53
424,4356.0,1.97,0.88,2.85,0.04,22.0,0.83,106.0,5.0,2.9,0.69,456.0,2.373493976,1.048
425,4459.0,46.01,13.3,59.31,1.42,9.37,2.97,448.0,48.0,59.3,0.78,444.0,15.49158249,1.22
426,3831.0,0.06,0.14,0.49,0.12,1.166666667,75.0,0.18666666699999998,0.16,0.57,0.3,410.0,0.0008,0.22
427,3018.0,0.08,1.69,1.77,0.4,4.23,0.79,213.38,50.51,1.77,0.05,430.0,0.10099999999999999,0.58
428,1992.0,0.15,6.79,6.94,0.45,15.1,1.51,449.98,29.8,6.94,0.02,418.0,0.099,0.36
429,4181.0,1.23,0.62,1.85,0.83,0.75,0.75,83.0,111.0,1.9,0.66,433.0,1.64,0.634
430,4197.0,5.4,9.46,14.86,0.73,12.96,5.31,178.0,14.0,14.9,0.36,446.0,1.0169491529999999,0.868
431,2094.0,0.09,4.47,4.56,0.38,11.76,1.03,435.67,37.04,4.56,0.02,420.0,0.087,0.4
432,3690.0,0.13,2.16,2.29,0.71,3.04,1.02,212.39,69.81,2.29,0.06,438.0,0.123863316,0.72
433,3730.0,0.15,2.78,2.93,0.56,4.96,1.13,246.24,49.6,2.93,0.05,439.0,0.132860943,0.74
434,1890.0,0.2,6.94,7.14,0.58,11.96,1.79,388.18,32.46,7.14,0.03,418.0,0.11199999999999999,0.36
435,4236.0,3.46,6.38,1.54,2.25,2.835555556,91.0,7.010989011,2.472527473,0.46,0.35162601600000004,425.0,0.038021978,0.49
436,3464.0,0.01,0.02,0.15,0.1,0.2,7.0,0.28571428600000004,1.428571429,0.5,0.333333333,396.0,0.001428571,0.03
437,4864.0,32.66,12.33,44.99,1.22,10.11,3.6,343.0,34.0,45.0,0.73,433.0,9.072222222,1.6
438,2958.0,0.1,1.83,1.93,0.4,4.58,0.68,270.71,59.17,1.93,0.05,431.0,0.147,0.6
439,3164.0,1.64,2.07,3.71,0.43,4.81,1.34,154.0,32.0,3.7,0.44,349.0,1.223880597,-0.878
440,4276.0,1.83,1.5,3.33,1.54,0.97,2.78,54.0,55.0,3.3,0.55,445.0,0.658273381,0.97
441,4611.0,0.01,0.07,0.07,0.14,0.5,8.0,0.875,1.75,0.86,0.125,430.0,0.00125,0.58
442,4072.0,1.54,4.35,0.94,1.64,2.652439024,183.0,2.37704918,0.8961748629999999,0.65,0.26146010199999997,418.0,0.008415301,0.37
443,3877.0,0.05,0.09,0.68,0.07,1.285714286,42.0,0.214285714,0.166666667,0.44,0.35714285700000004,412.0,0.001190476,0.25
444,4120.0,1.45,0.64,2.09,0.85,0.75,0.52,123.0,163.0,2.1,0.69,412.0,2.788461538,0.256
445,3506.0,0.07,0.1,0.16,0.35,0.28571428600000004,19.0,0.526315789,1.842105263,0.3,0.41176470600000004,398.0,0.0036842109999999997,0.01
446,4341.0,1.2,0.56,1.76,0.03,18.6,0.37,151.0,8.0,1.8,0.68,450.0,3.243243243,0.94
447,3470.0,0.17,0.25,0.26,0.71,0.352112676,37.0,0.6756756759999999,1.918918919,0.32,0.404761905,396.0,0.004594595,0.03
448,3506.0,0.03,0.07,0.1,0.16,0.35,0.37,19.0,54.0,0.1,0.3,432.0,0.081081081,0.616
449,4282.0,3.2,5.7,1.03,3.11,1.8327974280000001,143.0,3.986013986,2.174825175,0.44,0.359550562,426.0,0.022377622000000003,0.52
450,3773.0,0.03,0.05,0.08,0.53,0.09,0.14,36.0,379.0,0.1,0.5,378.0,0.214285714,-0.35600000000000004
451,2019.0,0.11,3.18,3.29,0.4,7.9605,1.17,272.15,34.19,0.03,3.29,422.0,0.094,0.44
452,1944.0,0.18,12.42,12.6,0.59,21.06,2.27,547.54,26.0,12.6,0.01,418.0,0.079,0.36
453,3164.0,1.64,2.07,3.71,0.43,4.813953488,1.34,154.4776119,32.08955224,3.7,0.44204851799999995,349.0,1.223880597,0.88
454,2883.0,0.09,1.61,1.69,0.86,1.877192982,0.87,185.33,98.73,0.05,1.69,433.0,0.10300000000000001,0.63
455,3332.0,2.33,21.46,23.79,0.6,35.77,5.44,394.0,11.0,23.8,0.1,433.0,0.428308824,0.634
456,1866.0,0.13,5.07,5.2,0.52,9.748461537999999,1.93,263.34,27.01,0.03,5.2,417.0,0.067,0.35
457,3410.0,0.07,0.11,0.18,0.61,0.13,0.39,28.0,156.0,0.2,0.39,339.0,0.179487179,-1.058
458,2991.0,0.08,1.21,1.29,0.44,2.75,0.63,192.37,69.95,0.06,1.29,433.0,0.127,0.63
459,4462.0,3.5,2.21,5.71,0.9,2.46,2.55,87.0,35.0,5.7,0.61,459.0,1.37254902,1.102
460,3518.0,1.02,1.46,0.15,3.4,0.429411765,128.0,1.140625,2.65625,0.3,0.41129032299999996,399.0,0.00796875,0.02
461,3470.0,0.4,0.49,0.24,3.33,0.147147147,68.0,0.720588235,4.897058824,0.18,0.449438202,397.0,0.005882353000000001,0.02
462,4184.0,0.3,1.01,0.65,0.46,2.195652174,70.0,1.4428571430000001,0.6571428570000001,0.7,0.229007634,423.0,0.004285714,0.45
463,2049.0,0.1,2.92,3.02,0.42,6.952380952,1.11,263.54,37.91,0.03,3.02,422.0,0.09,0.44
464,3334.0,0.02,0.04,0.06,0.44,0.09,0.06,67.0,733.0,0.1,0.33,387.0,0.333333333,-0.19399999999999998
465,1938.0,0.16,11.25,11.41,0.54,20.83,1.87,601.56,28.88,11.41,0.01,417.0,0.086,0.35
466,3700.0,0.03,0.05,0.08,0.41,0.12,0.05,100.0,820.0,0.1,0.38,433.0,0.6,0.634
467,5117.0,2.37,3.43,5.8,1.01,3.4,2.39,144.0,42.0,5.8,0.41,453.0,0.9916317990000001,0.9940000000000001
468,4750.0,30.59,9.92,40.51,1.38,7.19,3.8,261.0,36.0,40.5,0.76,435.0,8.05,0.67
469,3488.0,0.02,0.06,0.08,0.16,0.46,0.38,16.0,34.0,0.1,0.25,401.0,0.052631579000000005,0.057999999999999996
470,3627.0,0.03,0.06,0.34,0.09,0.666666667,150.0,0.04,0.06,0.5,0.333333333,404.0,0.0002,0.12
471,1836.0,0.19,10.39,10.58,0.53,19.6,2.49,416.81,21.27,10.58,0.02,422.0,0.076,0.44
472,3790.0,0.2,2.75,2.95,0.5,5.5,1.22,226.34,41.15,2.95,0.07,438.0,0.164609054,0.72
473,4240.0,35.6,10.87,46.47,1.37,7.93,2.18,499.0,63.0,46.5,0.77,441.0,16.33027523,1.13
474,3476.0,0.02,0.04,0.08,0.13,0.307692308,6.0,0.666666667,2.166666667,0.5,0.333333333,397.0,0.003333333,0.02
475,1869.0,0.14,5.5,5.64,0.53,10.38,1.94,284.32,27.39,5.64,0.02,417.0,0.07200000000000001,0.35
476,1710.0,0.14,15.73,15.87,0.85,18.50588235,4.07,386.96,20.91,0.01,15.87,421.0,0.034,0.42
477,4294.0,2.45,3.33,5.78,1.18,2.82,3.0,111.0,39.0,5.8,0.42,454.0,0.816666667,1.012
478,3825.0,0.07,0.1,0.33,0.21,0.47619047600000003,350.0,0.028571429,0.06,0.3,0.41176470600000004,410.0,0.0002,0.22
479,4053.0,3.54,1.78,5.32,1.07,1.66,1.12,159.0,96.0,5.3,0.67,420.0,3.160714286,0.4
480,3392.0,0.17,0.27,0.31,0.55,0.490909091,29.0,0.931034483,1.896551724,0.37,0.386363636,391.0,0.005862069,0.12
481,3440.0,0.02,0.04,0.06,0.16,0.24,0.36,11.0,47.0,0.1,0.33,431.0,0.055555556,0.598
482,3332.0,0.05,0.15,0.2,0.23,0.6521739129999999,0.57,26.31578947,40.35087719,0.2,0.25,430.0,0.087719298,0.58
483,4943.0,0.02,0.12,0.14,0.16,0.75,0.1,120.0,160.0,0.1,0.14,374.0,0.2,-0.428
484,2061.0,0.11,3.44,3.55,0.38,9.052631579,1.0,343.31,37.92,0.03,3.55,423.0,0.11,0.45
485,3338.0,0.07,0.09,0.16,0.26,0.346153846,0.4,22.5,65.0,0.2,0.4375,368.0,0.175,0.54
486,3675.0,0.01,0.04,0.05,0.29,0.14,0.03,133.0,967.0,0.1,0.2,436.0,0.333333333,0.688
487,4402.0,20.76,11.22,31.98,1.47,7.63,1.92,584.0,77.0,32.0,0.65,439.0,10.8125,1.21
488,3125.0,0.38,1.93,2.31,0.51,3.78,1.49,130.0,34.0,2.3,0.16,428.0,0.25503355699999997,0.544
489,1902.0,0.19,10.48,10.67,0.45,23.29666667,1.9,550.6,23.63,0.02,10.67,417.0,0.1,0.35
490,1857.0,0.28,21.44,21.72,0.58,36.95862069,4.27,502.25,13.59,0.01,21.72,415.0,0.066,0.31
491,1818.0,0.3,21.33,21.63,0.58,36.77,4.3,495.48,13.48,21.63,0.01,421.0,0.07,0.42
492,2688.0,0.12,1.39,1.51,0.49,2.8367346939999996,0.58,238.42,84.05,0.08,1.51,429.0,0.207,0.56
493,1842.0,0.22,15.66,15.88,0.54,28.99703704,3.36,465.47,16.05,0.01,15.88,420.0,0.065,0.4
494,3675.0,0.04,0.05,0.29,0.14,0.35714285700000004,133.0,0.037593985,0.10526315800000001,0.2,0.444444444,405.0,0.000300752,0.13
495,1908.0,0.18,8.87,9.05,0.45,19.72,1.87,474.04,24.04,9.05,0.02,415.0,0.096,0.31
496,5032.0,25.49,13.45,38.94,1.11,12.12,2.16,623.0,51.0,38.9,0.65,435.0,11.80092593,0.67
497,3700.0,0.4,2.19,2.59,0.82,2.67,1.07,204.48,76.56,2.59,0.16,435.0,0.37671171,0.67
498,2112.0,0.2,8.3,8.5,0.44,18.86,2.19,379.52,20.12,8.5,0.02,421.0,0.091,0.42
499,4531.0,15.69,5.79,21.48,1.21,4.79,1.42,408.0,85.0,21.5,0.73,437.0,11.04929577,0.706
500,4721.0,0.07,0.15,0.22,0.43,0.35,0.27,56.0,159.0,0.2,0.32,408.0,0.25925925899999996,0.184
501,3780.0,0.12,2.46,2.58,0.31,7.94,1.16,212.25,26.75,2.58,0.05,442.0,0.103537534,0.8
502,3864.0,4.25,1.44,5.69,0.59,2.44,0.91,158.0,65.0,5.7,0.75,416.0,4.67032967,0.32799999999999996
503,5140.0,37.33,4.61,41.94,1.03,4.48,1.92,240.0,54.0,41.9,0.89,434.0,19.44270833,0.652
504,2706.0,0.09,1.34,1.43,0.4,3.35,0.58,232.64,69.44,0.06,1.43,428.0,0.155,0.54
505,1947.0,0.14,9.84,9.98,0.55,17.89036545,1.86,528.73,29.55,0.01,9.98,418.0,0.075,0.36
506,4858.0,28.99,7.94,36.93,0.7,11.34,3.06,259.0,23.0,36.9,0.78,428.0,9.473856209,0.544
507,4355.0,1.57,0.98,2.55,0.06,16.33,0.98,100.0,6.0,2.6,0.62,454.0,1.602040816,1.012
508,2544.0,0.23,1.77,2.0,0.81,2.185185185,0.66,267.37,122.36,0.12,2.0,424.0,0.348,0.47
509,4517.0,0.05,0.21,0.02,2.5,0.084,100.0,0.21,2.5,0.76,0.192307692,432.0,0.0005,0.62
510,3320.0,3.13,25.29,28.42,0.56,45.16,6.28,403.0,9.0,28.4,0.11,33.0,0.49840764299999996,-6.566
511,1953.0,0.15,9.73,9.88,0.42,23.15857381,1.89,513.55,22.18,0.02,9.88,418.0,0.079,0.36
512,1804.0,0.64,5.24,5.88,3.35,1.5641791040000002,1.03,506.77,323.98,0.11,5.88,437.0,0.621,0.71
513,2880.0,0.08,1.23,1.31,0.41,3.0,0.61,202.64,67.55,0.06,1.31,431.0,0.131,0.6
514,1881.0,0.15,12.34,12.49,0.7,17.62857143,2.32,530.98,30.12,0.01,12.49,418.0,0.065,0.36
515,5050.0,40.81,9.45,50.26,0.94,10.05,2.27,416.0,41.0,50.3,0.81,432.0,17.97797357,0.616
516,3705.0,0.17,4.61,4.78,0.91,5.07,1.49,309.4,61.07,4.78,0.04,440.0,0.113639407,0.76
517,1730.0,0.22,15.25,15.47,0.73,20.9,3.87,394.66,18.89,15.47,0.01,421.0,0.057,0.42
518,3518.0,1.49,1.88,0.3,9.93,0.189325277,157.0,1.197452229,6.324840764,0.21,0.44213649899999996,399.0,0.009490446,0.03
519,1866.0,0.13,5.07,5.2,0.52,9.75,1.93,263.34,27.01,5.2,0.03,417.0,0.067,0.35
520,1917.0,0.19,6.64,6.83,0.46,14.43065217,1.89,351.41,24.35,0.03,6.83,417.0,0.10099999999999999,0.35
521,2880.0,0.08,1.23,1.31,0.41,3.0,0.61,202.64,67.55,1.31,0.06,431.0,0.131,0.6
522,3440.0,0.04,0.06,0.16,0.24,0.25,11.0,0.545454545,2.1818181819999998,0.33,0.4,395.0,0.0036363640000000004,0.06
523,3296.0,0.06,0.18,0.24,0.25,0.72,7.68,2.34375,3.255208333,0.2,0.25,427.0,0.0078125,0.53
524,3326.0,0.66,6.14,6.8,0.4,15.35,2.38,257.98319330000004,16.80672269,6.8,0.097058824,432.0,0.27731092399999996,0.62
525,2151.0,0.18,6.04,6.22,0.36,16.78,1.35,448.4,26.73,6.22,0.03,418.0,0.133,0.36
526,3200.0,0.02,0.56,0.02,0.33,1.6969696969999999,0.36,155.5555556,91.66666667,0.1,0.034482759,434.0,0.055555556,0.65
527,1971.0,0.15,6.67,6.82,0.69,9.67,1.77,376.79,38.96,6.82,0.02,417.0,0.085,0.35
528,3332.0,2.33,21.46,23.79,0.6,35.76666667,5.44,394.48529410000003,11.02941176,23.8,0.097940311,433.0,0.428308824,0.63
529,4756.0,30.5,10.87,41.37,1.35,8.05,3.6,302.0,38.0,41.4,0.74,437.0,8.472222222000001,0.706
530,4726.0,22.98,8.4,31.38,2.14,3.93,2.13,394.0,100.0,31.4,0.73,430.0,10.78873239,0.58
531,4776.0,0.06,0.08,0.07,0.86,0.093023256,86.0,0.093023256,1.0,0.25,0.428571429,299.0,0.0006976739999999999,1.78
532,2028.0,0.12,2.58,2.7,0.42,6.13,1.02,252.72,41.22,2.7,0.04,424.0,0.11800000000000001,0.47
533,1821.0,0.26,15.69,15.95,0.51,30.76,3.48,451.27,14.67,15.95,0.02,422.0,0.075,0.44
534,2895.0,0.09,1.69,1.78,0.36,4.694444444,0.88,192.48,41.0,0.05,1.78,432.0,0.102,0.62
535,3497.0,0.02,0.06,0.08,0.14,0.38,0.42,14.0,38.0,0.1,0.25,430.0,0.047619048,0.58
536,3344.0,0.07,0.25,0.32,0.31,0.806451613,0.66,37.87878788,46.96969697,0.3,0.21875,433.0,0.106060606,0.63
537,4360.0,20.05,8.9,28.95,1.39,6.4,1.36,654.0,102.0,28.9,0.69,440.0,14.74264706,0.76
538,3206.0,0.06,1.9,0.06,0.22,8.636363636,0.41,463.4146341,53.65853659,0.1,0.030612245,385.0,0.146341463,0.23
539,4906.0,46.6,14.42,61.02,1.19,12.12,3.56,405.0,33.0,61.0,0.76,431.0,13.08988764,1.44
540,3432.0,0.01,0.03,0.4,0.02,1.5,25.0,0.12,0.08,0.67,0.25,402.0,0.0004,0.08
541,2106.0,0.14,18.31,18.45,0.44,41.61363636,2.7,677.9,16.29,0.01,18.45,417.0,0.052000000000000005,0.35
542,3386.0,0.06,0.05,0.11,0.43,0.12,0.04,125.0,1075.0,0.1,0.55,335.0,1.5,-1.13
543,3760.0,0.36,2.58,2.94,0.45,5.73,0.98,264.62,46.15,2.94,0.12,439.0,0.37241135200000003,0.74
544,1680.0,0.21,14.99,15.2,0.63,23.79365079,3.38,443.75,18.65,0.01,15.2,419.0,0.062,0.38
545,4194.0,13.44,18.12,0.86,15.63,1.1593090209999999,182.0,9.956043956,8.587912088,0.26,0.42585551299999996,424.0,0.073846154,0.47
546,3530.0,0.03,0.06,0.09,0.2,0.3,0.39,15.0,51.0,0.1,0.33,430.0,0.076923077,0.58
547,2001.0,0.17,7.46,7.63,0.36,20.71083333,1.56,477.94,23.08,0.02,7.63,414.0,0.109,0.29
548,1833.0,0.15,11.55,11.7,0.7,16.5,2.77,416.37,25.23,11.7,0.01,422.0,0.054000000000000006,0.44
549,1863.0,0.3,22.45,22.75,0.55,40.81454545,4.14,542.22,13.29,0.01,22.75,415.0,0.07200000000000001,0.31
550,3532.0,0.04,0.07,0.41,0.1,0.7,400.0,0.0175,0.025,0.43,0.363636364,403.0,0.0001,0.1
551,3218.0,1.78,1.35,3.13,0.45,3.0,0.76,178.0,59.0,3.1,0.57,337.0,2.342105263,-1.094
552,4570.0,29.68,10.15,39.83,1.79,5.67,2.65,383.0,68.0,39.8,0.75,438.0,11.2,0.7240000000000001
553,4723.0,26.65,7.13,33.78,1.8,3.96,2.24,318.0,80.0,33.8,0.79,427.0,11.89732143,1.46
554,2750.0,1.58,5.35,6.93,0.86,6.22,1.96,273.52,43.97,6.93,0.23,431.0,0.808809436,0.6
555,2037.0,0.13,5.31,5.44,0.59,9.0,1.84,289.37,32.15,0.02,5.44,425.0,0.071,0.49
556,2886.0,0.07,1.11,1.18,1.18,0.94,0.79,139.97,148.8,1.18,0.06,434.0,0.08900000000000001,0.65
557,3358.0,0.03,0.05,0.08,0.41,0.12,0.01,500.0,4100.0,0.1,0.38,338.0,3.0,-1.0759999999999998
558,2943.0,0.08,1.16,1.24,0.36,3.22,0.51,228.8,71.01,1.24,0.06,431.0,0.157,0.6
559,3557.0,0.03,0.07,0.38,0.08,0.875,50.0,0.14,0.16,0.57,0.3,404.0,0.0006,0.1
560,1941.0,0.13,7.86,7.99,0.57,13.79,1.61,487.29,35.34,7.99,0.02,418.0,0.081,0.36
561,1800.0,0.31,21.73,22.04,0.7,31.04342857,4.11,528.85,17.04,0.01,22.04,417.0,0.075,0.35
562,2688.0,0.12,1.39,1.51,0.49,2.84,0.58,238.42,84.05,1.51,0.08,429.0,0.207,0.56
563,3913.0,0.3,0.3,0.6,0.7,0.43,0.21,143.0,333.0,0.6,0.5,399.0,1.428571429,0.022000000000000002
564,3745.0,0.08,2.18,2.26,0.38,5.74,0.88,246.89,43.04,2.26,0.03,437.0,0.08934933,0.71
565,2040.0,0.11,4.0,4.11,0.5,8.0,1.42,280.9,35.11,4.11,0.03,424.0,0.077,0.47
566,2958.0,0.1,1.83,1.93,0.4,4.575,0.68,270.71,59.17,0.05,1.93,431.0,0.147,0.6
567,4684.0,0.32,0.55,0.23,1.39,0.39568345299999996,145.0,0.379310345,0.95862069,0.42,0.36781609200000004,454.0,0.002206897,1.01
568,4341.0,1.68,0.63,2.31,0.04,15.75,0.86,73.0,5.0,2.3,0.73,454.0,1.9534883719999998,1.012
569,4011.0,0.33,1.06,0.85,0.39,2.717948718,103.0,1.0291262140000002,0.37864077700000004,0.69,0.237410072,417.0,0.003203883,0.34
570,4990.0,47.49,10.23,57.72,1.21,8.45,4.63,221.0,26.0,57.7,0.82,432.0,10.25701944,0.616
571,4538.0,0.05,0.18,0.4,0.13,1.384615385,22.0,0.818181818,0.590909091,0.72,0.21739130399999998,426.0,0.002272727,0.51
572,3140.0,0.25,1.34,1.59,0.81,1.65,1.37,98.0,59.0,1.6,0.16,426.0,0.182481752,0.508
573,4148.0,0.48,1.33,0.75,0.64,2.078125,87.0,1.5287356319999998,0.7356321840000001,0.64,0.26519337,421.0,0.005517241,0.41
574,1947.0,0.14,9.84,9.98,0.55,17.89,1.86,528.73,29.55,9.98,0.01,418.0,0.075,0.36
575,3480.0,0.04,0.04,0.08,0.45,0.09,0.04,100.0,1125.0,0.1,0.5,367.0,1.0,-0.5539999999999999
576,3536.0,0.05,0.13,0.18,0.23,0.57,0.39,33.0,59.0,0.2,0.28,429.0,0.128205128,0.562
577,5006.0,2.97,2.45,5.42,2.59,0.95,2.04,120.0,127.0,5.4,0.55,368.0,1.455882353,-0.536
578,1750.0,0.22,13.97,14.19,0.57,24.5,3.76,371.23,15.15,14.19,0.02,422.0,0.059000000000000004,0.44
579,3700.0,0.05,0.08,0.41,0.12,0.666666667,100.0,0.08,0.12,0.38,0.384615385,405.0,0.0005,0.14
580,3188.0,0.02,0.3,0.02,0.49,0.6122448979999999,0.23,130.43478259999998,213.04347830000003,0.1,0.0625,429.0,0.086956522,0.56
581,4894.0,31.86,8.95,40.81,0.93,9.62,4.59,195.0,20.0,40.8,0.78,431.0,6.941176471,0.598
582,4907.0,0.01,0.07,0.08,0.05,1.4,0.03,233.0,167.0,0.1,0.13,391.0,0.333333333,-0.122
583,3230.0,0.04,0.02,0.06,0.28,0.07,0.36,6.0,78.0,0.1,0.67,254.0,0.111111111,-2.588
584,1935.0,0.22,19.13,19.35,0.54,35.42833333,3.11,614.36,17.34,0.01,19.35,417.0,0.071,0.35
585,4882.0,29.38,11.26,40.64,1.28,8.8,5.61,201.0,23.0,40.6,0.72,430.0,5.237076649,1.54
586,3524.0,0.1,0.79,0.89,0.15,5.27,0.76,104.0,20.0,0.9,0.11,436.0,0.131578947,0.688
587,3434.0,0.05,0.09,0.2,0.31,0.290322581,13.0,0.692307692,2.384615385,0.44,0.35714285700000004,394.0,0.003846154,0.06
588,1974.0,0.12,5.6,5.72,0.53,10.57,1.65,338.98,32.08,5.72,0.02,420.0,0.073,0.4
589,1824.0,0.19,15.93,16.12,0.51,31.23529412,3.42,466.33,14.93,0.01,16.12,419.0,0.055999999999999994,0.38
590,2679.0,0.12,1.27,1.39,0.34,3.74,0.53,238.72,63.91,1.39,0.09,429.0,0.226,0.56
591,4741.0,30.35,9.93,40.28,1.49,6.66,4.48,222.0,33.0,40.3,0.75,438.0,6.774553571,0.7240000000000001
592,2892.0,0.08,1.26,1.34,0.37,3.405405405,0.65,193.55,56.84,0.06,1.34,432.0,0.12300000000000001,0.62
593,2049.0,0.1,2.92,3.02,0.42,6.95,1.11,263.54,37.91,3.02,0.03,422.0,0.09,0.44
594,1770.0,0.18,16.45,16.63,0.71,23.17,3.8,432.44,18.66,16.63,0.01,420.0,0.047,0.4
595,3735.0,0.09,1.92,2.01,0.32,6.0,0.97,198.96,33.16,2.01,0.04,441.0,0.08941922,0.78
596,3895.0,0.07,0.11,0.61,0.11,1.0,41.0,0.26829268300000003,0.26829268300000003,0.36,0.38888888899999996,413.0,0.001707317,0.27
597,4490.0,19.35,8.79,28.14,1.48,5.94,1.75,502.0,85.0,28.1,0.69,440.0,11.05714286,0.76
598,5038.0,1.42,0.89,2.31,0.31,2.87,0.19,468.0,163.0,2.3,0.61,412.0,7.473684211,0.256
599,2931.0,0.09,1.21,1.3,0.33,3.67,0.54,223.66,61.0,1.3,0.07,429.0,0.16699999999999998,0.56
600,3386.0,0.05,0.11,0.43,0.12,0.916666667,125.0,0.08800000000000001,0.096,0.55,0.3125,401.0,0.0004,0.06
601,2478.0,0.4,2.63,3.03,0.43,6.12,0.67,390.21,63.8,3.03,0.13,422.0,0.597,0.44
602,4538.0,0.13,0.05,0.18,0.4,0.13,0.23,22.0,174.0,0.2,0.72,418.0,0.565217391,1.22
603,2568.0,0.11,0.98,1.09,0.45,2.1777777780000003,0.52,189.92,87.21,0.1,1.09,427.0,0.212,0.53
604,4550.0,0.09,0.06,0.15,0.17,0.35,0.12,50.0,142.0,0.2,0.6,391.0,0.75,-0.122
605,4544.0,0.2,0.52,0.72,0.28,1.857142857,56.0,0.9285714290000001,0.5,0.62,0.27777777800000003,434.0,0.003571429,0.65
606,2064.0,0.12,3.3,3.42,0.53,6.226415094,1.09,303.87,48.8,0.04,3.42,423.0,0.11,0.45
607,3350.0,0.71,4.26,4.97,0.66,6.45,1.23,345.22,53.48,4.97,0.14,436.0,0.57322885,0.69
608,2025.0,0.12,3.09,3.21,0.45,6.863333333,1.5,205.63,29.96,0.04,3.21,425.0,0.08,0.49
609,4738.0,22.22,10.76,32.98,1.25,8.61,4.25,253.0,29.0,33.0,0.67,438.0,5.228235294,1.41
610,2739.0,0.1,1.37,1.47,0.48,2.85,0.5,272.37,95.43,1.47,0.07,428.0,0.2,0.54
611,1860.0,0.19,26.97,27.16,0.68,39.66,4.78,564.46,14.23,27.16,0.01,414.0,0.04,0.29
612,4804.0,25.43,11.58,37.01,0.68,17.03,2.96,391.0,23.0,37.0,0.69,430.0,8.591216216,1.42
613,2457.0,0.1,1.48,1.58,0.36,4.1111111110000005,0.6,246.67,60.0,0.06,1.58,423.0,0.16699999999999998,0.45
614,4072.0,2.81,1.54,4.35,0.94,1.64,0.84,183.0,112.0,4.3,0.65,421.0,3.345238095,0.418
615,1821.0,0.26,15.69,15.95,0.51,30.75686275,3.48,451.27,14.67,0.02,15.95,422.0,0.075,0.44
616,3194.0,0.04,0.02,0.06,0.43,0.046511628,0.35,5.714285714,122.8571429,0.1,0.666666667,430.0,0.11428571400000001,0.58
617,1974.0,0.12,5.6,5.72,0.53,10.56603774,1.65,338.98,32.08,0.02,5.72,420.0,0.073,0.4
618,2109.0,0.12,9.65,9.77,0.39,24.74358974,1.64,589.85,23.84,0.01,9.77,418.0,0.073,0.36
619,2031.0,0.13,5.91,6.04,0.46,12.85,1.58,373.58,29.08,6.04,0.02,426.0,0.08199999999999999,0.51
620,4386.0,9.1,13.8,1.02,8.92,1.5470852019999999,103.0,13.39805825,8.660194175,0.34,0.397379913,430.0,0.088349515,0.58
621,4609.0,16.03,8.2,24.23,1.2,6.83,1.74,471.0,69.0,24.2,0.66,442.0,9.212643678,0.7959999999999999
622,2097.0,0.15,12.31,12.46,0.35,35.17142857,1.69,729.7,20.75,0.01,12.46,420.0,0.08900000000000001,0.4
